0.221443;0.778557;0;18;0
0.0137255;0.986274;0;18;0.01
0.0563241;0.943676;0;18;0.02
0.0380859;0.961914;0;18;0.03
0.0185547;0.981445;0;18;0.04
0.0292969;0.970703;0;18;0.05
0.0421569;0.957843;0;18;0.06
0.0397614;0.960239;0;18;0.07
0.0186092;0.981391;0;18;0.08
0.0898438;0.910156;0;18;0.09
0.0803922;0.919608;0;18;0.1
0.310547;0.689453;100;18;0
0.236328;0.763672;100;18;0.01
0.167647;0.832353;100;18;0.02
0.178711;0.821289;100;18;0.03
0.163565;0.836435;100;18;0.04
0.0801564;0.919844;100;18;0.05
0.148583;0.851417;100;18;0.06
0.258789;0.741211;100;18;0.07
0.170254;0.829746;100;18;0.08
0.179688;0.820312;100;18;0.09
0.0850643;0.914936;100;18;0.1
0.331041;0.668959;200;18;0
0.152344;0.847656;200;18;0.01
0.242188;0.757812;200;18;0.02
0.133858;0.866142;200;18;0.03
0.143555;0.856445;200;18;0.04
0.145508;0.854492;200;18;0.05
0.0966797;0.90332;200;18;0.06
0.0884086;0.911591;200;18;0.07
0.0791016;0.920898;200;18;0.08
0.0919765;0.908023;200;18;0.09
0.0126953;0.987305;200;18;0.1
0.242063;0.757937;300;18;0
0.142578;0.857422;300;18;0.01
0.0253906;0.974609;300;18;0.02
0.0197628;0.980237;300;18;0.03
0.0175953;0.982405;300;18;0.04
0.09375;0.90625;300;18;0.05
0.1875;0.8125;300;18;0.06
0.109804;0.890196;300;18;0.07
0.0673828;0.932617;300;18;0.08
0.150391;0.849609;300;18;0.09
0.0917969;0.908203;300;18;0.1
0.285435;0.714565;400;18;0
0.0214844;0.978516;400;18;0.01
0.0832507;0.916749;400;18;0.02
0.0429688;0.957031;400;18;0.03
0.0449219;0.955078;400;18;0.04
0.0888672;0.911133;400;18;0.05
0.181818;0.818182;400;18;0.06
0.0878906;0.912109;400;18;0.07
0.156556;0.843444;400;18;0.08
0.0566406;0.943359;400;18;0.09
0.00489237;0.995108;400;18;0.1
0.237438;0.762562;500;18;0
0.0126953;0.987305;500;18;0.01
0.00886699;0.991133;500;18;0.02
0.0256917;0.974308;500;18;0.03
0.0174897;0.98251;500;18;0.04
0.00591133;0.994089;500;18;0.05
0.0595703;0.94043;500;18;0.06
0.124266;0.875734;500;18;0.07
0.120079;0.879921;500;18;0.08
0.117302;0.882698;500;18;0.09
0.117188;0.882812;500;18;0.1
0.251953;0.748047;600;18;0
0.115234;0.884766;600;18;0.01
0.077451;0.922549;600;18;0.02
0.0326087;0.967391;600;18;0.03
0.202346;0.797654;600;18;0.04
0.209393;0.790607;600;18;0.05
0.0410156;0.958984;600;18;0.06
0.0391773;0.960823;600;18;0.07
0.0439453;0.956055;600;18;0.08
0.0410156;0.958984;600;18;0.09
0.0253906;0.974609;600;18;0.1
0.208984;0.791016;700;18;0
0.101578;0.898422;700;18;0.01
0.0400391;0.959961;700;18;0.02
0.147461;0.852539;700;18;0.03
0.0552813;0.944719;700;18;0.04
0.078125;0.921875;700;18;0.05
0.169442;0.830558;700;18;0.06
0.0195312;0.980469;700;18;0.07
0.0472906;0.952709;700;18;0.08
0.112305;0.887695;700;18;0.09
0.115234;0.884766;700;18;0.1
0.245821;0.754179;800;18;0
0.0197239;0.980276;800;18;0.01
0.0528893;0.947111;800;18;0.02
0.0742188;0.925781;800;18;0.03
0.138672;0.861328;800;18;0.04
0.0166016;0.983398;800;18;0.05
0.0129096;0.98709;800;18;0.06
0.0441176;0.955882;800;18;0.07
0.0478516;0.952148;800;18;0.08
0.0866142;0.913386;800;18;0.09
0.0325444;0.967456;800;18;0.1
0.294695;0.705305;900;18;0
0.119608;0.880392;900;18;0.01
0.0703125;0.929688;900;18;0.02
0.111437;0.888563;900;18;0.03
0.0986328;0.901367;900;18;0.04
0.0238095;0.97619;900;18;0.05
0.0380859;0.961914;900;18;0.06
0.130859;0.869141;900;18;0.07
0.0530452;0.946955;900;18;0.08
0.0419922;0.958008;900;18;0.09
0.0791016;0.920898;900;18;0.1
0.194089;0.805911;1000;18;0
0.0234375;0.976562;1000;18;0.01
0.0556641;0.944336;1000;18;0.02
0.0136986;0.986301;1000;18;0.03
0.0546875;0.945312;1000;18;0.04
0.0208748;0.979125;1000;18;0.05
0.015625;0.984375;1000;18;0.06
0.0839844;0.916016;1000;18;0.07
0.0585938;0.941406;1000;18;0.08
0.0782779;0.921722;1000;18;0.09
0.0197433;0.980257;1000;18;0.1
0.170898;0.829102;1100;18;0
0.0698132;0.930187;1100;18;0.01
0.130859;0.869141;1100;18;0.02
0.152344;0.847656;1100;18;0.03
0.0597453;0.940255;1100;18;0.04
0.0323847;0.967615;1100;18;0.05
0.0285433;0.971457;1100;18;0.06
0.00598205;0.994018;1100;18;0.07
0.0627451;0.937255;1100;18;0.08
0.0216535;0.978346;1100;18;0.09
0.027451;0.972549;1100;18;0.1
0.334311;0.665689;1200;18;0
0.0264447;0.973555;1200;18;0.01
0.0433925;0.956608;1200;18;0.02
0.0693359;0.930664;1200;18;0.03
0.00878906;0.991211;1200;18;0.04
0.0527344;0.947266;1200;18;0.05
0.0898438;0.910156;1200;18;0.06
0.0511811;0.948819;1200;18;0.07
0.121331;0.878669;1200;18;0.08
0.0342131;0.965787;1200;18;0.09
0.0596869;0.940313;1200;18;0.1
0.325195;0.674805;1300;18;0
0.0419922;0.958008;1300;18;0.01
0.0561024;0.943898;1300;18;0.02
0.0693359;0.930664;1300;18;0.03
0.0644531;0.935547;1300;18;0.04
0.0328685;0.967131;1300;18;0.05
0.00507614;0.994924;1300;18;0.06
0.0250752;0.974925;1300;18;0.07
0.0333007;0.966699;1300;18;0.08
0.0410156;0.958984;1300;18;0.09
0.0122324;0.987768;1300;18;0.1
0.121927;0.878073;1400;18;0
0.0359281;0.964072;1400;18;0.01
0.0440313;0.955969;1400;18;0.02
0.00691017;0.99309;1400;18;0.03
0.0382353;0.961765;1400;18;0.04
0.0342466;0.965753;1400;18;0.05
0.0440744;0.955926;1400;18;0.06
0.0460333;0.953967;1400;18;0.07
0.0341797;0.96582;1400;18;0.08
0.0392927;0.960707;1400;18;0.09
0.0285996;0.9714;1400;18;0.1
0.238569;0.761431;1500;18;0
0.0205078;0.979492;1500;18;0.01
0.0342801;0.96572;1500;18;0.02
0.0161128;0.983887;1500;18;0.03
0.0294695;0.97053;1500;18;0.04
0.0314651;0.968535;1500;18;0.05
0.0481336;0.951866;1500;18;0.06
0.0830078;0.916992;1500;18;0.07
0.0225933;0.977407;1500;18;0.08
0.0146484;0.985352;1500;18;0.09
0.0670611;0.932939;1500;18;0.1
0.0758342;0.924166;0;19;0
0.003003;0.996997;0;19;0.01
0.00206398;0.997936;0;19;0.02
0.00488759;0.995112;0;19;0.03
0.0169154;0.983085;0;19;0.04
0.0267857;0.973214;0;19;0.05
0.0138751;0.986125;0;19;0.06
0.000994036;0.999006;0;19;0.07
0.0362035;0.963796;0;19;0.08
0.0256917;0.974308;0;19;0.09
0.00797607;0.992024;0;19;0.1
0.307617;0.692383;100;19;0
0.121094;0.878906;100;19;0.01
0.041461;0.958539;100;19;0.02
0.0859375;0.914062;100;19;0.03
0.175781;0.824219;100;19;0.04
0.100586;0.899414;100;19;0.05
0.148075;0.851925;100;19;0.06
0.165039;0.834961;100;19;0.07
0.116438;0.883562;100;19;0.08
0.023976;0.976024;100;19;0.09
0.0691017;0.930898;100;19;0.1
0.271037;0.728963;200;19;0
0.0429688;0.957031;200;19;0.01
0.135875;0.864125;200;19;0.02
0.201172;0.798828;200;19;0.03
0.0976562;0.902344;200;19;0.04
0.0273438;0.972656;200;19;0.05
0.0849609;0.915039;200;19;0.06
0.207031;0.792969;200;19;0.07
0.251953;0.748047;200;19;0.08
0.211765;0.788235;200;19;0.09
0.129159;0.870842;200;19;0.1
0.420332;0.579668;300;19;0
0.1;0.9;300;19;0.01
0.100098;0.899902;300;19;0.02
0.0108268;0.989173;300;19;0.03
0.046875;0.953125;300;19;0.04
0.142157;0.857843;300;19;0.05
0.146484;0.853516;300;19;0.06
0.0849609;0.915039;300;19;0.07
0.138807;0.861193;300;19;0.08
0.193359;0.806641;300;19;0.09
0.113281;0.886719;300;19;0.1
0.333984;0.666016;400;19;0
0.0343137;0.965686;400;19;0.01
0.0393314;0.960669;400;19;0.02
0.0405539;0.959446;400;19;0.03
0.0537109;0.946289;400;19;0.04
0.108717;0.891283;400;19;0.05
0.0722656;0.927734;400;19;0.06
0.0363458;0.963654;400;19;0.07
0.0129482;0.987052;400;19;0.08
0.0302734;0.969727;400;19;0.09
0.0235756;0.976424;400;19;0.1
0.290354;0.709646;500;19;0
0.102539;0.897461;500;19;0.01
0.0224609;0.977539;500;19;0.02
0.0851272;0.914873;500;19;0.03
0.128906;0.871094;500;19;0.04
0.0396432;0.960357;500;19;0.05
0.0400391;0.959961;500;19;0.06
0.0418327;0.958167;500;19;0.07
0.054741;0.945259;500;19;0.08
0.0821918;0.917808;500;19;0.09
0.0883219;0.911678;500;19;0.1
0.2;0.8;600;19;0
0.0391389;0.960861;600;19;0.01
0.0597453;0.940255;600;19;0.02
0.0392157;0.960784;600;19;0.03
0.0550639;0.944936;600;19;0.04
0.0334975;0.966502;600;19;0.05
0.0458984;0.954102;600;19;0.06
0.0729064;0.927094;600;19;0.07
0.133789;0.866211;600;19;0.08
0.0703125;0.929688;600;19;0.09
0.0957031;0.904297;600;19;0.1
0.301868;0.698132;700;19;0
0.0822723;0.917728;700;19;0.01
0.0600394;0.939961;700;19;0.02
0.0107632;0.989237;700;19;0.03
0.0244141;0.975586;700;19;0.04
0.0754163;0.924584;700;19;0.05
0.0419922;0.958008;700;19;0.06
0.0634766;0.936523;700;19;0.07
0.0732422;0.926758;700;19;0.08
0.145508;0.854492;700;19;0.09
0.0600985;0.939901;700;19;0.1
0.246094;0.753906;800;19;0
0.0461236;0.953876;800;19;0.01
0.0679803;0.93202;800;19;0.02
0.036239;0.963761;800;19;0.03
0.028348;0.971652;800;19;0.04
0.0527344;0.947266;800;19;0.05
0.0283203;0.97168;800;19;0.06
0.0686275;0.931373;800;19;0.07
0.0546875;0.945312;800;19;0.08
0.0449219;0.955078;800;19;0.09
0.0938416;0.906158;800;19;0.1
0.298727;0.701273;900;19;0
0.0139165;0.986084;900;19;0.01
0.0117188;0.988281;900;19;0.02
0.0722656;0.927734;900;19;0.03
0.046875;0.953125;900;19;0.04
0.0840665;0.915934;900;19;0.05
0.12207;0.87793;900;19;0.06
0.0537109;0.946289;900;19;0.07
0.0538688;0.946131;900;19;0.08
0.0510304;0.94897;900;19;0.09
0.0215686;0.978431;900;19;0.1
0.137695;0.862305;1000;19;0
0.100394;0.899606;1000;19;0.01
0.055773;0.944227;1000;19;0.02
0.0676471;0.932353;1000;19;0.03
0.046875;0.953125;1000;19;0.04
0.0683845;0.931615;1000;19;0.05
0.000977517;0.999022;1000;19;0.06
0.00104167;0.998958;1000;19;0.07
0.00397219;0.996028;1000;19;0.08
0.045098;0.954902;1000;19;0.09
0.0666014;0.933399;1000;19;0.1
0.165347;0.834653;1100;19;0
0.0107527;0.989247;1100;19;0.01
0.00585938;0.994141;1100;19;0.02
0.0224609;0.977539;1100;19;0.03
0.0351562;0.964844;1100;19;0.04
0.0119403;0.98806;1100;19;0.05
0.00490196;0.995098;1100;19;0.06
0.00813008;0.99187;1100;19;0.07
0.00488281;0.995117;1100;19;0.08
0.0674487;0.932551;1100;19;0.09
0.0206084;0.979392;1100;19;0.1
0.176758;0.823242;1200;19;0
0.0283757;0.971624;1200;19;0.01
0.0175781;0.982422;1200;19;0.02
0.0830078;0.916992;1200;19;0.03
0.0645161;0.935484;1200;19;0.04
0.0458984;0.954102;1200;19;0.05
0.0800781;0.919922;1200;19;0.06
0.023976;0.976024;1200;19;0.07
0.0195695;0.980431;1200;19;0.08
0.0849609;0.915039;1200;19;0.09
0.0107422;0.989258;1200;19;0.1
0.388998;0.611002;1300;19;0
0.030754;0.969246;1300;19;0.01
0.0265487;0.973451;1300;19;0.02
0.0654297;0.93457;1300;19;0.03
0.0429688;0.957031;1300;19;0.04
0.0442043;0.955796;1300;19;0.05
0.0175781;0.982422;1300;19;0.06
0.0898438;0.910156;1300;19;0.07
0.0100705;0.989929;1300;19;0.08
0.0463054;0.953695;1300;19;0.09
0.0343137;0.965686;1300;19;0.1
0.175662;0.824338;1400;19;0
0.0236686;0.976331;1400;19;0.01
0.0335637;0.966436;1400;19;0.02
0.0488281;0.951172;1400;19;0.03
0.0332356;0.966764;1400;19;0.04
0;1;1400;19;0.05
0.0195312;0.980469;1400;19;0.06
0.0187192;0.981281;1400;19;0.07
0.00588813;0.994112;1400;19;0.08
0.0313112;0.968689;1400;19;0.09
0.0302734;0.969727;1400;19;0.1
0.157631;0.842369;1500;19;0
0.00195312;0.998047;1500;19;0.01
0.0263672;0.973633;1500;19;0.02
0.0449219;0.955078;1500;19;0.03
0.0228175;0.977183;1500;19;0.04
0.0244379;0.975562;1500;19;0.05
0.0927734;0.907227;1500;19;0.06
0.0673828;0.932617;1500;19;0.07
0.0609037;0.939096;1500;19;0.08
0.0445545;0.955446;1500;19;0.09
0.0253906;0.974609;1500;19;0.1
0.17443;0.82557;0;20;0
0.0286845;0.971316;0;20;0.01
0;1;0;20;0.02
0.0380859;0.961914;0;20;0.03
0.00693069;0.993069;0;20;0.04
0.0186275;0.981373;0;20;0.05
0.0175258;0.982474;0;20;0.06
0.00982318;0.990177;0;20;0.07
0.0146484;0.985352;0;20;0.08
0.0274779;0.972522;0;20;0.09
0;1;0;20;0.1
0.328417;0.671583;100;20;0
0.108824;0.891176;100;20;0.01
0.130777;0.869223;100;20;0.02
0.109375;0.890625;100;20;0.03
0.221896;0.778104;100;20;0.04
0.115234;0.884766;100;20;0.05
0.186523;0.813477;100;20;0.06
0.130859;0.869141;100;20;0.07
0.106445;0.893555;100;20;0.08
0.0324484;0.967552;100;20;0.09
0.0316518;0.968348;100;20;0.1
0.186275;0.813725;200;20;0
0.120117;0.879883;200;20;0.01
0.0694037;0.930596;200;20;0.02
0.149414;0.850586;200;20;0.03
0.0254403;0.97456;200;20;0.04
0.0166178;0.983382;200;20;0.05
0.0449219;0.955078;200;20;0.06
0.0480864;0.951914;200;20;0.07
0.0966797;0.90332;200;20;0.08
0.102539;0.897461;200;20;0.09
0.105469;0.894531;200;20;0.1
0.179588;0.820412;300;20;0
0.109375;0.890625;300;20;0.01
0.105675;0.894325;300;20;0.02
0.0732422;0.926758;300;20;0.03
0.0894789;0.910521;300;20;0.04
0.0745829;0.925417;300;20;0.05
0.0556641;0.944336;300;20;0.06
0.123047;0.876953;300;20;0.07
0.0283203;0.97168;300;20;0.08
0.060844;0.939156;300;20;0.09
0.0792564;0.920744;300;20;0.1
0.258096;0.741904;400;20;0
0.0509804;0.94902;400;20;0.01
0.0683594;0.931641;400;20;0.02
0.0184049;0.981595;400;20;0.03
0.0215264;0.978474;400;20;0.04
0.0507812;0.949219;400;20;0.05
0.0712891;0.928711;400;20;0.06
0.106931;0.893069;400;20;0.07
0.119141;0.880859;400;20;0.08
0.0861057;0.913894;400;20;0.09
0.0100806;0.989919;400;20;0.1
0.106654;0.893346;500;20;0
0.0304818;0.969518;500;20;0.01
0.0478516;0.952148;500;20;0.02
0.0863592;0.913641;500;20;0.03
0.0576172;0.942383;500;20;0.04
0.129159;0.870842;500;20;0.05
0.165039;0.834961;500;20;0.06
0.013712;0.986288;500;20;0.07
0.078125;0.921875;500;20;0.08
0.170898;0.829102;500;20;0.09
0.0332356;0.966764;500;20;0.1
0.331688;0.668312;600;20;0
0.0224609;0.977539;600;20;0.01
0.0556641;0.944336;600;20;0.02
0.120117;0.879883;600;20;0.03
0.100196;0.899804;600;20;0.04
0.0400782;0.959922;600;20;0.05
0.0126953;0.987305;600;20;0.06
0.0617042;0.938296;600;20;0.07
0.0442913;0.955709;600;20;0.08
0.0371094;0.962891;600;20;0.09
0.0735294;0.926471;600;20;0.1
0.229557;0.770443;700;20;0
0.0263672;0.973633;700;20;0.01
0.0686948;0.931305;700;20;0.02
0.0287413;0.971259;700;20;0.03
0.0800781;0.919922;700;20;0.04
0.138672;0.861328;700;20;0.05
0.19043;0.80957;700;20;0.06
0.125;0.875;700;20;0.07
0.0620079;0.937992;700;20;0.08
0.0478516;0.952148;700;20;0.09
0.0498534;0.950147;700;20;0.1
0.252456;0.747544;800;20;0
0.00704225;0.992958;800;20;0.01
0.0380859;0.961914;800;20;0.02
0.0411765;0.958824;800;20;0.03
0.0722656;0.927734;800;20;0.04
0.0206897;0.97931;800;20;0.05
0.0382728;0.961727;800;20;0.06
0.0605469;0.939453;800;20;0.07
0.0236686;0.976331;800;20;0.08
0.00881489;0.991185;800;20;0.09
0.0986328;0.901367;800;20;0.1
0.220896;0.779104;900;20;0
0.0302734;0.969727;900;20;0.01
0.0482759;0.951724;900;20;0.02
0.0576172;0.942383;900;20;0.03
0.0941176;0.905882;900;20;0.04
0.0558276;0.944172;900;20;0.05
0.0585938;0.941406;900;20;0.06
0.0776031;0.922397;900;20;0.07
0.0634766;0.936523;900;20;0.08
0.0430108;0.956989;900;20;0.09
0.090998;0.909002;900;20;0.1
0.071076;0.928924;1000;20;0
0.0986328;0.901367;1000;20;0.01
0.0566406;0.943359;1000;20;0.02
0.0683594;0.931641;1000;20;0.03
0.0791016;0.920898;1000;20;0.04
0.0839844;0.916016;1000;20;0.05
0.139648;0.860352;1000;20;0.06
0.0596285;0.940371;1000;20;0.07
0.00391389;0.996086;1000;20;0.08
0.0839844;0.916016;1000;20;0.09
0.0186275;0.981373;1000;20;0.1
0.3353;0.6647;1100;20;0
0.0478516;0.952148;1100;20;0.01
0.0625;0.9375;1100;20;0.02
0.117302;0.882698;1100;20;0.03
0.0343474;0.965653;1100;20;0.04
0.0703125;0.929688;1100;20;0.05
0.0901961;0.909804;1100;20;0.06
0.0439453;0.956055;1100;20;0.07
0.0885827;0.911417;1100;20;0.08
0.0215054;0.978495;1100;20;0.09
0.0664062;0.933594;1100;20;0.1
0.379883;0.620117;1200;20;0
0.0267857;0.973214;1200;20;0.01
0.0305118;0.969488;1200;20;0.02
0.0335306;0.966469;1200;20;0.03
0.0888672;0.911133;1200;20;0.04
0.102539;0.897461;1200;20;0.05
0.0859375;0.914062;1200;20;0.06
0.125;0.875;1200;20;0.07
0.092955;0.907045;1200;20;0.08
0.0313112;0.968689;1200;20;0.09
0.0900196;0.90998;1200;20;0.1
0.224121;0.775879;1300;20;0
0.0146484;0.985352;1300;20;0.01
0.00493097;0.995069;1300;20;0.02
0.015625;0.984375;1300;20;0.03
0.0341797;0.96582;1300;20;0.04
0.0324803;0.96752;1300;20;0.05
0.0646425;0.935358;1300;20;0.06
0.0307845;0.969216;1300;20;0.07
0.0226155;0.977384;1300;20;0.08
0.0400782;0.959922;1300;20;0.09
0.00598802;0.994012;1300;20;0.1
0.130859;0.869141;1400;20;0
0.0343137;0.965686;1400;20;0.01
0.0127326;0.987267;1400;20;0.02
0.00585938;0.994141;1400;20;0.03
0.024777;0.975223;1400;20;0.04
0.0137931;0.986207;1400;20;0.05
0.0996094;0.900391;1400;20;0.06
0.120117;0.879883;1400;20;0.07
0.100586;0.899414;1400;20;0.08
0.0662055;0.933794;1400;20;0.09
0.0432645;0.956735;1400;20;0.1
0.176758;0.823242;1500;20;0
0.0783546;0.921645;1500;20;0.01
0.0585317;0.941468;1500;20;0.02
0.0189055;0.981095;1500;20;0.03
0.0176991;0.982301;1500;20;0.04
0.0556641;0.944336;1500;20;0.05
0.0342131;0.965787;1500;20;0.06
0.00488281;0.995117;1500;20;0.07
0.0285714;0.971429;1500;20;0.08
0.00686275;0.993137;1500;20;0.09
0.036036;0.963964;1500;20;0.1
0.0498982;0.950102;0;21;0
0.0186092;0.981391;0;21;0.01
0.0264188;0.973581;0;21;0.02
0.00415369;0.995846;0;21;0.03
0;1;0;21;0.04
0.00878906;0.991211;0;21;0.05
0.0157791;0.984221;0;21;0.06
0.0181452;0.981855;0;21;0.07
0.00299103;0.997009;0;21;0.08
0.0609037;0.939096;0;21;0.09
0.03667;0.96333;0;21;0.1
0.304688;0.695312;100;21;0
0.169922;0.830078;100;21;0.01
0.117188;0.882812;100;21;0.02
0.0771484;0.922852;100;21;0.03
0.151367;0.848633;100;21;0.04
0.194118;0.805882;100;21;0.05
0.194336;0.805664;100;21;0.06
0.105572;0.894428;100;21;0.07
0.0746562;0.925344;100;21;0.08
0.0751953;0.924805;100;21;0.09
0.22168;0.77832;100;21;0.1
0.271569;0.728431;200;21;0
0.0957031;0.904297;200;21;0.01
0.0705065;0.929494;200;21;0.02
0.0843137;0.915686;200;21;0.03
0.101562;0.898438;200;21;0.04
0.157325;0.842675;200;21;0.05
0.0478516;0.952148;200;21;0.06
0.0973451;0.902655;200;21;0.07
0.0597453;0.940255;200;21;0.08
0.0455897;0.95441;200;21;0.09
0.0371094;0.962891;200;21;0.1
0.163561;0.836439;300;21;0
0.0419922;0.958008;300;21;0.01
0.0478516;0.952148;300;21;0.02
0.169276;0.830724;300;21;0.03
0.177734;0.822266;300;21;0.04
0.100586;0.899414;300;21;0.05
0.119141;0.880859;300;21;0.06
0.122669;0.877331;300;21;0.07
0.0849609;0.915039;300;21;0.08
0.0927734;0.907227;300;21;0.09
0.0722656;0.927734;300;21;0.1
0.189961;0.810039;400;21;0
0.104492;0.895508;400;21;0.01
0.0723363;0.927664;400;21;0.02
0.0566406;0.943359;400;21;0.03
0.0595703;0.94043;400;21;0.04
0.0657507;0.934249;400;21;0.05
0.0813726;0.918627;400;21;0.06
0.0545094;0.945491;400;21;0.07
0.0412169;0.958783;400;21;0.08
0.0283203;0.97168;400;21;0.09
0.0302734;0.969727;400;21;0.1
0.405882;0.594118;500;21;0
0.0966797;0.90332;500;21;0.01
0.0839844;0.916016;500;21;0.02
0.0449219;0.955078;500;21;0.03
0.0117302;0.98827;500;21;0.04
0.125;0.875;500;21;0.05
0.126953;0.873047;500;21;0.06
0.0634766;0.936523;500;21;0.07
0.0966797;0.90332;500;21;0.08
0.0256158;0.974384;500;21;0.09
0.130859;0.869141;500;21;0.1
0.430108;0.569892;600;21;0
0.116325;0.883675;600;21;0.01
0.0323847;0.967615;600;21;0.02
0.0274241;0.972576;600;21;0.03
0.110352;0.889648;600;21;0.04
0.110781;0.889219;600;21;0.05
0.0641026;0.935897;600;21;0.06
0.0296736;0.970326;600;21;0.07
0.0273438;0.972656;600;21;0.08
0.106445;0.893555;600;21;0.09
0.0449219;0.955078;600;21;0.1
0.333333;0.666667;700;21;0
0.134897;0.865103;700;21;0.01
0.147461;0.852539;700;21;0.02
0.0722656;0.927734;700;21;0.03
0.0706575;0.929343;700;21;0.04
0.0449658;0.955034;700;21;0.05
0.0488281;0.951172;700;21;0.06
0.0927734;0.907227;700;21;0.07
0.106445;0.893555;700;21;0.08
0.0480392;0.951961;700;21;0.09
0.0413793;0.958621;700;21;0.1
0.140625;0.859375;800;21;0
0.0341797;0.96582;800;21;0.01
0.111002;0.888998;800;21;0.02
0.06588;0.93412;800;21;0.03
0.0429688;0.957031;800;21;0.04
0.275391;0.724609;800;21;0.05
0.0677134;0.932287;800;21;0.06
0.0322581;0.967742;800;21;0.07
0.0449219;0.955078;800;21;0.08
0.0595703;0.94043;800;21;0.09
0.0347648;0.965235;800;21;0.1
0.217434;0.782566;900;21;0
0.0976562;0.902344;900;21;0.01
0.0390625;0.960938;900;21;0.02
0.030422;0.969578;900;21;0.03
0.0489716;0.951028;900;21;0.04
0.0791789;0.920821;900;21;0.05
0.0118694;0.988131;900;21;0.06
0.0351562;0.964844;900;21;0.07
0.124023;0.875977;900;21;0.08
0.0470588;0.952941;900;21;0.09
0.00884086;0.991159;900;21;0.1
0.170898;0.829102;1000;21;0
0.0354331;0.964567;1000;21;0.01
0.0410156;0.958984;1000;21;0.02
0.101562;0.898438;1000;21;0.03
0.043095;0.956905;1000;21;0.04
0.0927734;0.907227;1000;21;0.05
0.0722656;0.927734;1000;21;0.06
0.0771484;0.922852;1000;21;0.07
0.0820312;0.917969;1000;21;0.08
0.0644531;0.935547;1000;21;0.09
0.0585938;0.941406;1000;21;0.1
0.236328;0.763672;1100;21;0
0.0811339;0.918866;1100;21;0.01
0.0419922;0.958008;1100;21;0.02
0.00293255;0.997067;1100;21;0.03
0.0742913;0.925709;1100;21;0.04
0.0761719;0.923828;1100;21;0.05
0.0419922;0.958008;1100;21;0.06
0.018018;0.981982;1100;21;0.07
0.0205078;0.979492;1100;21;0.08
0.0356083;0.964392;1100;21;0.09
0.0166994;0.983301;1100;21;0.1
0.135742;0.864258;1200;21;0
0.019685;0.980315;1200;21;0.01
0.0390625;0.960938;1200;21;0.02
0.056696;0.943304;1200;21;0.03
0.0481809;0.951819;1200;21;0.04
0.0206287;0.979371;1200;21;0.05
0.037182;0.962818;1200;21;0.06
0.0449219;0.955078;1200;21;0.07
0.0302734;0.969727;1200;21;0.08
0.0302734;0.969727;1200;21;0.09
0.108398;0.891602;1200;21;0.1
0.217773;0.782227;1300;21;0
0.0304519;0.969548;1300;21;0.01
0.0148368;0.985163;1300;21;0.02
0.0559921;0.944008;1300;21;0.03
0.0195503;0.98045;1300;21;0.04
0.09375;0.90625;1300;21;0.05
0.0909091;0.909091;1300;21;0.06
0.0546875;0.945312;1300;21;0.07
0.0969638;0.903036;1300;21;0.08
0.086999;0.913001;1300;21;0.09
0.0234375;0.976562;1300;21;0.1
0.405273;0.594727;1400;21;0
0.12047;0.87953;1400;21;0.01
0.00489237;0.995108;1400;21;0.02
0.0117188;0.988281;1400;21;0.03
0.0478516;0.952148;1400;21;0.04
0.00488759;0.995112;1400;21;0.05
0.0229541;0.977046;1400;21;0.06
0.0140421;0.985958;1400;21;0.07
0.0254403;0.97456;1400;21;0.08
0.00880626;0.991194;1400;21;0.09
0.0263672;0.973633;1400;21;0.1
0.18146;0.81854;1500;21;0
0.0283203;0.97168;1500;21;0.01
0.00292969;0.99707;1500;21;0.02
0.128906;0.871094;1500;21;0.03
0.0265226;0.973477;1500;21;0.04
0.0361328;0.963867;1500;21;0.05
0.0723363;0.927664;1500;21;0.06
0.0859375;0.914062;1500;21;0.07
0.0136852;0.986315;1500;21;0.08
0.0166178;0.983382;1500;21;0.09
0.00392542;0.996075;1500;21;0.1
0.0753927;0.924607;0;22;0
0.0126953;0.987305;0;22;0.01
0.0345168;0.965483;0;22;0.02
0.0207921;0.979208;0;22;0.03
0.0237389;0.976261;0;22;0.04
0;1;0;22;0.05
0.0527344;0.947266;0;22;0.06
0.00110011;0.9989;0;22;0.07
0.00706357;0.992936;0;22;0.08
0.00306748;0.996933;0;22;0.09
0.023692;0.976308;0;22;0.1
0.174339;0.825661;100;22;0
0.239726;0.760274;100;22;0.01
0.113281;0.886719;100;22;0.02
0.125;0.875;100;22;0.03
0.0647694;0.935231;100;22;0.04
0.0673828;0.932617;100;22;0.05
0.0218688;0.978131;100;22;0.06
0.0755643;0.924436;100;22;0.07
0.18457;0.81543;100;22;0.08
0.277344;0.722656;100;22;0.09
0.0352595;0.96474;100;22;0.1
0.221352;0.778648;200;22;0
0.109375;0.890625;200;22;0.01
0.0852106;0.914789;200;22;0.02
0.137695;0.862305;200;22;0.03
0.103516;0.896484;200;22;0.04
0.0766208;0.923379;200;22;0.05
0.126719;0.873281;200;22;0.06
0.0742188;0.925781;200;22;0.07
0.18591;0.81409;200;22;0.08
0.074364;0.925636;200;22;0.09
0.0507812;0.949219;200;22;0.1
0.284035;0.715965;300;22;0
0.0583004;0.9417;300;22;0.01
0.0382353;0.961765;300;22;0.02
0.12207;0.87793;300;22;0.03
0.214496;0.785504;300;22;0.04
0.0556641;0.944336;300;22;0.05
0.0363815;0.963618;300;22;0.06
0.0351906;0.964809;300;22;0.07
0.203125;0.796875;300;22;0.08
0.0463968;0.953603;300;22;0.09
0.0400391;0.959961;300;22;0.1
0.287968;0.712032;400;22;0
0.0478516;0.952148;400;22;0.01
0.0508309;0.949169;400;22;0.02
0.0830078;0.916992;400;22;0.03
0.0421156;0.957884;400;22;0.04
0.0566406;0.943359;400;22;0.05
0.0919765;0.908023;400;22;0.06
0.0686275;0.931373;400;22;0.07
0.00899101;0.991009;400;22;0.08
0.0546875;0.945312;400;22;0.09
0.0254403;0.97456;400;22;0.1
0.269795;0.730205;500;22;0
0.0390625;0.960938;500;22;0.01
0.077451;0.922549;500;22;0.02
0.1;0.9;500;22;0.03
0.135742;0.864258;500;22;0.04
0.179688;0.820312;500;22;0.05
0.102539;0.897461;500;22;0.06
0.100684;0.899316;500;22;0.07
0.0244858;0.975514;500;22;0.08
0.0941176;0.905882;500;22;0.09
0.0947266;0.905273;500;22;0.1
0.18457;0.81543;600;22;0
0.0393701;0.96063;600;22;0.01
0.102539;0.897461;600;22;0.02
0.0859375;0.914062;600;22;0.03
0.0852941;0.914706;600;22;0.04
0.169922;0.830078;600;22;0.05
0.0509804;0.94902;600;22;0.06
0.0314651;0.968535;600;22;0.07
0.0656219;0.934378;600;22;0.08
0.102539;0.897461;600;22;0.09
0.0292969;0.970703;600;22;0.1
0.362832;0.637168;700;22;0
0.109375;0.890625;700;22;0.01
0.104492;0.895508;700;22;0.02
0.056696;0.943304;700;22;0.03
0.0810547;0.918945;700;22;0.04
0.158203;0.841797;700;22;0.05
0.0351562;0.964844;700;22;0.06
0.0429688;0.957031;700;22;0.07
0.148438;0.851562;700;22;0.08
0.078125;0.921875;700;22;0.09
0.12793;0.87207;700;22;0.1
0.339549;0.660451;800;22;0
0.0757874;0.924213;800;22;0.01
0.0567515;0.943249;800;22;0.02
0.0470127;0.952987;800;22;0.03
0.147461;0.852539;800;22;0.04
0.132613;0.867387;800;22;0.05
0.0127576;0.987242;800;22;0.06
0.043222;0.956778;800;22;0.07
0.0253906;0.974609;800;22;0.08
0.0742188;0.925781;800;22;0.09
0.179688;0.820312;800;22;0.1
0.410959;0.589041;900;22;0
0.105005;0.894995;900;22;0.01
0.0712891;0.928711;900;22;0.02
0.0888672;0.911133;900;22;0.03
0.0849609;0.915039;900;22;0.04
0.0664062;0.933594;900;22;0.05
0.0302734;0.969727;900;22;0.06
0.0634766;0.936523;900;22;0.07
0.0445104;0.95549;900;22;0.08
0.0285433;0.971457;900;22;0.09
0.105572;0.894428;900;22;0.1
0.172448;0.827552;1000;22;0
0.0455446;0.954455;1000;22;0.01
0.0519608;0.948039;1000;22;0.02
0.0225269;0.977473;1000;22;0.03
0.120352;0.879648;1000;22;0.04
0.0556641;0.944336;1000;22;0.05
0.0265748;0.973425;1000;22;0.06
0.0517578;0.948242;1000;22;0.07
0.021611;0.978389;1000;22;0.08
0.0207715;0.979228;1000;22;0.09
0.0380859;0.961914;1000;22;0.1
0.188661;0.811339;1100;22;0
0.0254154;0.974585;1100;22;0.01
0.00294118;0.997059;1100;22;0.02
0.0539745;0.946025;1100;22;0.03
0.0302734;0.969727;1100;22;0.04
0.0332031;0.966797;1100;22;0.05
0.0341797;0.96582;1100;22;0.06
0.0117647;0.988235;1100;22;0.07
0.0362035;0.963796;1100;22;0.08
0.0295276;0.970472;1100;22;0.09
0.0507812;0.949219;1100;22;0.1
0.179863;0.820137;1200;22;0
0.0353635;0.964637;1200;22;0.01
0.0273438;0.972656;1200;22;0.02
0.0771543;0.922846;1200;22;0.03
0.0292969;0.970703;1200;22;0.04
0.0439453;0.956055;1200;22;0.05
0.138672;0.861328;1200;22;0.06
0.0500982;0.949902;1200;22;0.07
0.0255654;0.974435;1200;22;0.08
0.0371094;0.962891;1200;22;0.09
0.00907258;0.990927;1200;22;0.1
0.0931373;0.906863;1300;22;0
0.0625;0.9375;1300;22;0.01
0.018664;0.981336;1300;22;0.02
0;1;1300;22;0.03
0.0664062;0.933594;1300;22;0.04
0.0324803;0.96752;1300;22;0.05
0.0849609;0.915039;1300;22;0.06
0.0224829;0.977517;1300;22;0.07
0.044335;0.955665;1300;22;0.08
0.037182;0.962818;1300;22;0.09
0.0304818;0.969518;1300;22;0.1
0.274451;0.725549;1400;22;0
0.0244141;0.975586;1400;22;0.01
0.0683594;0.931641;1400;22;0.02
0.0146771;0.985323;1400;22;0.03
0.016683;0.983317;1400;22;0.04
0.0361328;0.963867;1400;22;0.05
0.0100503;0.98995;1400;22;0.06
0.0351906;0.964809;1400;22;0.07
0.0185547;0.981445;1400;22;0.08
0.0428287;0.957171;1400;22;0.09
0.0420332;0.957967;1400;22;0.1
0.355816;0.644184;1500;22;0
0.0615234;0.938477;1500;22;0.01
0.0830078;0.916992;1500;22;0.02
0.0195503;0.98045;1500;22;0.03
0.0771484;0.922852;1500;22;0.04
0.0947266;0.905273;1500;22;0.05
0.0927734;0.907227;1500;22;0.06
0.0693359;0.930664;1500;22;0.07
0.0263692;0.973631;1500;22;0.08
0.0137931;0.986207;1500;22;0.09
0.00595238;0.994048;1500;22;0.1
0.194252;0.805748;0;23;0
0.0625;0.9375;0;23;0.01
0.0227498;0.97725;0;23;0.02
0.0605469;0.939453;0;23;0.03
0.0732422;0.926758;0;23;0.04
0.0273438;0.972656;0;23;0.05
0.01417;0.98583;0;23;0.06
0;1;0;23;0.07
0.0156709;0.984329;0;23;0.08
0.0341797;0.96582;0;23;0.09
0.0207715;0.979228;0;23;0.1
0.22168;0.77832;100;23;0
0.147461;0.852539;100;23;0.01
0.123047;0.876953;100;23;0.02
0.196673;0.803327;100;23;0.03
0.0625;0.9375;100;23;0.04
0.0825147;0.917485;100;23;0.05
0.0820312;0.917969;100;23;0.06
0.12207;0.87793;100;23;0.07
0.0654297;0.93457;100;23;0.08
0.220703;0.779297;100;23;0.09
0.0898438;0.910156;100;23;0.1
0.315476;0.684524;200;23;0
0.129883;0.870117;200;23;0.01
0.0588235;0.941176;200;23;0.02
0.112635;0.887365;200;23;0.03
0.0698132;0.930187;200;23;0.04
0.137695;0.862305;200;23;0.05
0.0518591;0.948141;200;23;0.06
0.0577865;0.942214;200;23;0.07
0.200195;0.799805;200;23;0.08
0.155273;0.844727;200;23;0.09
0.0439453;0.956055;200;23;0.1
0.339567;0.660433;300;23;0
0.0528376;0.947162;300;23;0.01
0.12793;0.87207;300;23;0.02
0.0285433;0.971457;300;23;0.03
0.0333333;0.966667;300;23;0.04
0.0786627;0.921337;300;23;0.05
0.0732422;0.926758;300;23;0.06
0.141602;0.858398;300;23;0.07
0.166016;0.833984;300;23;0.08
0.104024;0.895976;300;23;0.09
0.0927734;0.907227;300;23;0.1
0.283203;0.716797;400;23;0
0.124266;0.875734;400;23;0.01
0.12207;0.87793;400;23;0.02
0.129883;0.870117;400;23;0.03
0.0811078;0.918892;400;23;0.04
0.0186092;0.981391;400;23;0.05
0.151277;0.848723;400;23;0.06
0.104331;0.895669;400;23;0.07
0.173828;0.826172;400;23;0.08
0.0693359;0.930664;400;23;0.09
0.0641658;0.935834;400;23;0.1
0.113281;0.886719;500;23;0
0.0681818;0.931818;500;23;0.01
0.0761719;0.923828;500;23;0.02
0.0625;0.9375;500;23;0.03
0.0878906;0.912109;500;23;0.04
0.112524;0.887476;500;23;0.05
0.0478516;0.952148;500;23;0.06
0.106445;0.893555;500;23;0.07
0.0909091;0.909091;500;23;0.08
0.0838264;0.916174;500;23;0.09
0.0440744;0.955926;500;23;0.1
0.258672;0.741328;600;23;0
0.0434353;0.956565;600;23;0.01
0.0634766;0.936523;600;23;0.02
0.0683594;0.931641;600;23;0.03
0.0334646;0.966535;600;23;0.04
0.0190572;0.980943;600;23;0.05
0.0458984;0.954102;600;23;0.06
0.177734;0.822266;600;23;0.07
0.0884956;0.911504;600;23;0.08
0.101562;0.898438;600;23;0.09
0.0923379;0.907662;600;23;0.1
0.132613;0.867387;700;23;0
0.0352595;0.96474;700;23;0.01
0.0722656;0.927734;700;23;0.02
0.0449658;0.955034;700;23;0.03
0.0947266;0.905273;700;23;0.04
0.0380859;0.961914;700;23;0.05
0.0917969;0.908203;700;23;0.06
0.0508806;0.949119;700;23;0.07
0.0107843;0.989216;700;23;0.08
0.0517578;0.948242;700;23;0.09
0.049049;0.950951;700;23;0.1
0.0564356;0.943564;800;23;0
0.00785083;0.992149;800;23;0.01
0.0400391;0.959961;800;23;0.02
0.0559372;0.944063;800;23;0.03
0.0570305;0.94297;800;23;0.04
0.00995025;0.99005;800;23;0.05
0.0226601;0.97734;800;23;0.06
0.0577865;0.942214;800;23;0.07
0.00878906;0.991211;800;23;0.08
0.0559372;0.944063;800;23;0.09
0.0107422;0.989258;800;23;0.1
0.123153;0.876847;900;23;0
0.0178571;0.982143;900;23;0.01
0.00488281;0.995117;900;23;0.02
0.139648;0.860352;900;23;0.03
0.09421;0.90579;900;23;0.04
0.0498047;0.950195;900;23;0.05
0.078125;0.921875;900;23;0.06
0.0957031;0.904297;900;23;0.07
0.0810547;0.918945;900;23;0.08
0.0430528;0.956947;900;23;0.09
0.0107422;0.989258;900;23;0.1
0.272906;0.727094;1000;23;0
0.0146915;0.985309;1000;23;0.01
0.0666667;0.933333;1000;23;0.02
0.100586;0.899414;1000;23;0.03
0.130859;0.869141;1000;23;0.04
0.0935039;0.906496;1000;23;0.05
0.0507812;0.949219;1000;23;0.06
0.0429688;0.957031;1000;23;0.07
0.0371094;0.962891;1000;23;0.08
0.0292969;0.970703;1000;23;0.09
0.0341797;0.96582;1000;23;0.1
0.208984;0.791016;1100;23;0
0.119141;0.880859;1100;23;0.01
0.0501475;0.949853;1100;23;0.02
0.0136719;0.986328;1100;23;0.03
0.029383;0.970617;1100;23;0.04
0.0344149;0.965585;1100;23;0.05
0.00396825;0.996032;1100;23;0.06
0.0313112;0.968689;1100;23;0.07
0.0859375;0.914062;1100;23;0.08
0.0989226;0.901077;1100;23;0.09
0.0675808;0.932419;1100;23;0.1
0.239961;0.760039;1200;23;0
0.0273438;0.972656;1200;23;0.01
0.0332681;0.966732;1200;23;0.02
0.0429688;0.957031;1200;23;0.03
0.0918866;0.908113;1200;23;0.04
0.0595238;0.940476;1200;23;0.05
0.0479452;0.952055;1200;23;0.06
0.00684932;0.993151;1200;23;0.07
0.00878906;0.991211;1200;23;0.08
0.0605469;0.939453;1200;23;0.09
0.0285996;0.9714;1200;23;0.1
0.238748;0.761252;1300;23;0
0.055773;0.944227;1300;23;0.01
0.0429688;0.957031;1300;23;0.02
0.0612648;0.938735;1300;23;0.03
0.00885827;0.991142;1300;23;0.04
0.036239;0.963761;1300;23;0.05
0.136719;0.863281;1300;23;0.06
0.0634766;0.936523;1300;23;0.07
0.039604;0.960396;1300;23;0.08
0.0263672;0.973633;1300;23;0.09
0.00197239;0.998028;1300;23;0.1
0.151277;0.848723;1400;23;0
0.0557185;0.944282;1400;23;0.01
0.0527344;0.947266;1400;23;0.02
0.0380859;0.961914;1400;23;0.03
0.0917969;0.908203;1400;23;0.04
0.0528376;0.947162;1400;23;0.05
0.0127953;0.987205;1400;23;0.06
0.0200803;0.97992;1400;23;0.07
0.033366;0.966634;1400;23;0.08
0.0673828;0.932617;1400;23;0.09
0.0820312;0.917969;1400;23;0.1
0.306641;0.693359;1500;23;0
0.0187192;0.981281;1500;23;0.01
0.0303327;0.969667;1500;23;0.02
0.0517578;0.948242;1500;23;0.03
0.0763209;0.923679;1500;23;0.04
0.09375;0.90625;1500;23;0.05
0.0674487;0.932551;1500;23;0.06
0.0761719;0.923828;1500;23;0.07
0.0285714;0.971429;1500;23;0.08
0.0294695;0.97053;1500;23;0.09
0.0410156;0.958984;1500;23;0.1
0.0921986;0.907801;0;24;0
0.00889328;0.991107;0;24;0.01
0;1;0;24;0.02
0.00596421;0.994036;0;24;0.03
0.0390625;0.960938;0;24;0.04
0.0482283;0.951772;0;24;0.05
0;1;0;24;0.06
0.130859;0.869141;0;24;0.07
0.0215264;0.978474;0;24;0.08
0.0772994;0.922701;0;24;0.09
0.102539;0.897461;0;24;0.1
0.40332;0.59668;100;24;0
0.204102;0.795898;100;24;0.01
0.1875;0.8125;100;24;0.02
0.0906404;0.90936;100;24;0.03
0.09375;0.90625;100;24;0.04
0.176758;0.823242;100;24;0.05
0.0976562;0.902344;100;24;0.06
0.082423;0.917577;100;24;0.07
0.0527344;0.947266;100;24;0.08
0.112205;0.887795;100;24;0.09
0.172852;0.827148;100;24;0.1
0.278865;0.721135;200;24;0
0.12207;0.87793;200;24;0.01
0.0517413;0.948259;200;24;0.02
0.0338645;0.966135;200;24;0.03
0.166992;0.833008;200;24;0.04
0.141602;0.858398;200;24;0.05
0.0450539;0.954946;200;24;0.06
0.150391;0.849609;200;24;0.07
0.126223;0.873777;200;24;0.08
0.169922;0.830078;200;24;0.09
0.0840665;0.915934;200;24;0.1
0.282227;0.717773;300;24;0
0.1875;0.8125;300;24;0.01
0.0128458;0.987154;300;24;0.02
0.00785083;0.992149;300;24;0.03
0.0527344;0.947266;300;24;0.04
0.148438;0.851562;300;24;0.05
0.144531;0.855469;300;24;0.06
0.107422;0.892578;300;24;0.07
0.140625;0.859375;300;24;0.08
0.141602;0.858398;300;24;0.09
0.0537634;0.946237;300;24;0.1
0.145508;0.854492;400;24;0
0.12793;0.87207;400;24;0.01
0.0957967;0.904203;400;24;0.02
0.00981354;0.990186;400;24;0.03
0.0390625;0.960938;400;24;0.04
0.0488281;0.951172;400;24;0.05
0.0878906;0.912109;400;24;0.06
0.139648;0.860352;400;24;0.07
0.041791;0.958209;400;24;0.08
0.0693359;0.930664;400;24;0.09
0.162109;0.837891;400;24;0.1
0.173359;0.826641;500;24;0
0.0244141;0.975586;500;24;0.01
0.0108055;0.989195;500;24;0.02
0.0742188;0.925781;500;24;0.03
0.150391;0.849609;500;24;0.04
0.18457;0.81543;500;24;0.05
0.0471513;0.952849;500;24;0.06
0.0544016;0.945598;500;24;0.07
0.0322266;0.967773;500;24;0.08
0.0754902;0.92451;500;24;0.09
0.0333333;0.966667;500;24;0.1
0.208008;0.791992;600;24;0
0.144531;0.855469;600;24;0.01
0.0752475;0.924752;600;24;0.02
0.0273438;0.972656;600;24;0.03
0.015625;0.984375;600;24;0.04
0.0520118;0.947988;600;24;0.05
0.0638507;0.936149;600;24;0.06
0.12207;0.87793;600;24;0.07
0.0947266;0.905273;600;24;0.08
0.126953;0.873047;600;24;0.09
0.137965;0.862035;600;24;0.1
0.116947;0.883053;700;24;0
0.0547945;0.945205;700;24;0.01
0.0263672;0.973633;700;24;0.02
0.106445;0.893555;700;24;0.03
0.0737463;0.926254;700;24;0.04
0.0859375;0.914062;700;24;0.05
0.0791016;0.920898;700;24;0.06
0.213867;0.786133;700;24;0.07
0.083089;0.916911;700;24;0.08
0.0187192;0.981281;700;24;0.09
0.00195886;0.998041;700;24;0.1
0.222656;0.777344;800;24;0
0.0595703;0.94043;800;24;0.01
0.110352;0.889648;800;24;0.02
0.00683594;0.993164;800;24;0.03
0.0615234;0.938477;800;24;0.04
0.03125;0.96875;800;24;0.05
0.0664062;0.933594;800;24;0.06
0.0254652;0.974535;800;24;0.07
0.0698603;0.93014;800;24;0.08
0.0810547;0.918945;800;24;0.09
0.0632411;0.936759;800;24;0.1
0.187439;0.812561;900;24;0
0.0683594;0.931641;900;24;0.01
0.111328;0.888672;900;24;0.02
0.111328;0.888672;900;24;0.03
0.0722656;0.927734;900;24;0.04
0.0548482;0.945152;900;24;0.05
0.0166016;0.983398;900;24;0.06
0.0694716;0.930528;900;24;0.07
0.0761719;0.923828;900;24;0.08
0.0217391;0.978261;900;24;0.09
0.0820312;0.917969;900;24;0.1
0.338598;0.661402;1000;24;0
0.0594059;0.940594;1000;24;0.01
0.0576172;0.942383;1000;24;0.02
0.0273003;0.9727;1000;24;0.03
0.00489237;0.995108;1000;24;0.04
0.00195312;0.998047;1000;24;0.05
0.0626223;0.937378;1000;24;0.06
0.0215054;0.978495;1000;24;0.07
0.0498047;0.950195;1000;24;0.08
0.0234375;0.976562;1000;24;0.09
0.115234;0.884766;1000;24;0.1
0.208984;0.791016;1100;24;0
0.0341797;0.96582;1100;24;0.01
0.0539745;0.946025;1100;24;0.02
0.0537109;0.946289;1100;24;0.03
0.0195312;0.980469;1100;24;0.04
0.0458984;0.954102;1100;24;0.05
0.078125;0.921875;1100;24;0.06
0.0772994;0.922701;1100;24;0.07
0.0453202;0.95468;1100;24;0.08
0.0419922;0.958008;1100;24;0.09
0.035468;0.964532;1100;24;0.1
0.150391;0.849609;1200;24;0
0.103516;0.896484;1200;24;0.01
0.0107738;0.989226;1200;24;0.02
0.0470127;0.952987;1200;24;0.03
0.0487078;0.951292;1200;24;0.04
0.0726202;0.92738;1200;24;0.05
0.00892857;0.991071;1200;24;0.06
0.0634766;0.936523;1200;24;0.07
0.0519608;0.948039;1200;24;0.08
0.0469208;0.953079;1200;24;0.09
0.0453202;0.95468;1200;24;0.1
0.111566;0.888434;1300;24;0
0.0986328;0.901367;1300;24;0.01
0.0751953;0.924805;1300;24;0.02
0.013766;0.986234;1300;24;0.03
0.0527859;0.947214;1300;24;0.04
0.000996016;0.999004;1300;24;0.05
0.00488759;0.995112;1300;24;0.06
0.0224609;0.977539;1300;24;0.07
0.00295276;0.997047;1300;24;0.08
0.09375;0.90625;1300;24;0.09
0.0303624;0.969638;1300;24;0.1
0.270508;0.729492;1400;24;0
0.106445;0.893555;1400;24;0.01
0.0751953;0.924805;1400;24;0.02
0.0214844;0.978516;1400;24;0.03
0.0483712;0.951629;1400;24;0.04
0.0157325;0.984267;1400;24;0.05
0.0322266;0.967773;1400;24;0.06
0.0419922;0.958008;1400;24;0.07
0.0546875;0.945312;1400;24;0.08
0.0947266;0.905273;1400;24;0.09
0.0375494;0.962451;1400;24;0.1
0.136048;0.863952;1500;24;0
0.00976562;0.990234;1500;24;0.01
0.0683594;0.931641;1500;24;0.02
0.0216535;0.978346;1500;24;0.03
0.0537109;0.946289;1500;24;0.04
0.107422;0.892578;1500;24;0.05
0.074364;0.925636;1500;24;0.06
0.110352;0.889648;1500;24;0.07
0.0578999;0.9421;1500;24;0.08
0.0429688;0.957031;1500;24;0.09
0.078125;0.921875;1500;24;0.1
0.389814;0.610186;0;25;0
0.0136986;0.986301;0;25;0.01
0.00623701;0.993763;0;25;0.02
0.0176471;0.982353;0;25;0.03
0.02;0.98;0;25;0.04
0.0128205;0.987179;0;25;0.05
0.0976562;0.902344;0;25;0.06
0.0121951;0.987805;0;25;0.07
0;1;0;25;0.08
0.0478516;0.952148;0;25;0.09
0.0234375;0.976562;0;25;0.1
0.168959;0.831041;100;25;0
0.145508;0.854492;100;25;0.01
0.0673828;0.932617;100;25;0.02
0.0754717;0.924528;100;25;0.03
0.127976;0.872024;100;25;0.04
0.078125;0.921875;100;25;0.05
0.0760118;0.923988;100;25;0.06
0.199219;0.800781;100;25;0.07
0.0996979;0.900302;100;25;0.08
0.103516;0.896484;100;25;0.09
0.0761719;0.923828;100;25;0.1
0.350586;0.649414;200;25;0
0.101562;0.898438;200;25;0.01
0.15625;0.84375;200;25;0.02
0.0966797;0.90332;200;25;0.03
0.159491;0.840509;200;25;0.04
0.150391;0.849609;200;25;0.05
0.0762463;0.923754;200;25;0.06
0.0380859;0.961914;200;25;0.07
0.106549;0.893451;200;25;0.08
0.242188;0.757812;200;25;0.09
0.301758;0.698242;200;25;0.1
0.265748;0.734252;300;25;0
0.123047;0.876953;300;25;0.01
0.0380859;0.961914;300;25;0.02
0.0449219;0.955078;300;25;0.03
0.0332031;0.966797;300;25;0.04
0.0605469;0.939453;300;25;0.05
0.0654297;0.93457;300;25;0.06
0.0960784;0.903922;300;25;0.07
0.0303922;0.969608;300;25;0.08
0.0585938;0.941406;300;25;0.09
0.0326409;0.967359;300;25;0.1
0.293255;0.706745;400;25;0
0.107422;0.892578;400;25;0.01
0.381836;0.618164;400;25;0.02
0.138672;0.861328;400;25;0.03
0.101278;0.898722;400;25;0.04
0.112305;0.887695;400;25;0.05
0.12793;0.87207;400;25;0.06
0.0939335;0.906067;400;25;0.07
0.113281;0.886719;400;25;0.08
0.0517578;0.948242;400;25;0.09
0.0199601;0.98004;400;25;0.1
0.167969;0.832031;500;25;0
0.0488281;0.951172;500;25;0.01
0.0419922;0.958008;500;25;0.02
0.158203;0.841797;500;25;0.03
0.150391;0.849609;500;25;0.04
0.137695;0.862305;500;25;0.05
0.0322266;0.967773;500;25;0.06
0.0615234;0.938477;500;25;0.07
0.114738;0.885262;500;25;0.08
0.0722656;0.927734;500;25;0.09
0.109375;0.890625;500;25;0.1
0.394531;0.605469;600;25;0
0.0615234;0.938477;600;25;0.01
0.113281;0.886719;600;25;0.02
0.05;0.95;600;25;0.03
0.0361328;0.963867;600;25;0.04
0.085044;0.914956;600;25;0.05
0.124023;0.875977;600;25;0.06
0.0244141;0.975586;600;25;0.07
0.0654297;0.93457;600;25;0.08
0.110352;0.889648;600;25;0.09
0.0613254;0.938675;600;25;0.1
0.197266;0.802734;700;25;0
0.0908203;0.90918;700;25;0.01
0.0596285;0.940371;700;25;0.02
0.0947266;0.905273;700;25;0.03
0.104492;0.895508;700;25;0.04
0.0996094;0.900391;700;25;0.05
0.129883;0.870117;700;25;0.06
0.0587659;0.941234;700;25;0.07
0.0310933;0.968907;700;25;0.08
0.0136719;0.986328;700;25;0.09
0.0810547;0.918945;700;25;0.1
0.163142;0.836858;800;25;0
0.0119641;0.988036;800;25;0.01
0.00686275;0.993137;800;25;0.02
0.0176125;0.982387;800;25;0.03
0.0372915;0.962709;800;25;0.04
0.0508806;0.949119;800;25;0.05
0.0931373;0.906863;800;25;0.06
0.169922;0.830078;800;25;0.07
0.0742188;0.925781;800;25;0.08
0.0410557;0.958944;800;25;0.09
0.0849609;0.915039;800;25;0.1
0.230469;0.769531;900;25;0
0.212891;0.787109;900;25;0.01
0.12793;0.87207;900;25;0.02
0.0392542;0.960746;900;25;0.03
0.107422;0.892578;900;25;0.04
0.0644531;0.935547;900;25;0.05
0.0127953;0.987205;900;25;0.06
0.045098;0.954902;900;25;0.07
0.05;0.95;900;25;0.08
0.021611;0.978389;900;25;0.09
0.0710059;0.928994;900;25;0.1
0.254921;0.745079;1000;25;0
0.0392542;0.960746;1000;25;0.01
0.0791016;0.920898;1000;25;0.02
0.0244141;0.975586;1000;25;0.03
0.0645793;0.935421;1000;25;0.04
0.0517578;0.948242;1000;25;0.05
0.0664062;0.933594;1000;25;0.06
0.0761719;0.923828;1000;25;0.07
0.0382294;0.961771;1000;25;0.08
0.0507812;0.949219;1000;25;0.09
0.0528893;0.947111;1000;25;0.1
0.266272;0.733728;1100;25;0
0.0673828;0.932617;1100;25;0.01
0.0332031;0.966797;1100;25;0.02
0.0976562;0.902344;1100;25;0.03
0.0683594;0.931641;1100;25;0.04
0.0712891;0.928711;1100;25;0.05
0.0459883;0.954012;1100;25;0.06
0.0166016;0.983398;1100;25;0.07
0.0411361;0.958864;1100;25;0.08
0.0263672;0.973633;1100;25;0.09
0.0429688;0.957031;1100;25;0.1
0.205128;0.794872;1200;25;0
0.0214844;0.978516;1200;25;0.01
0.0380859;0.961914;1200;25;0.02
0.017734;0.982266;1200;25;0.03
0.0576172;0.942383;1200;25;0.04
0.0671937;0.932806;1200;25;0.05
0.056696;0.943304;1200;25;0.06
0.0489237;0.951076;1200;25;0.07
0.0295276;0.970472;1200;25;0.08
0.0498534;0.950147;1200;25;0.09
0.0390625;0.960938;1200;25;0.1
0.375;0.625;1300;25;0
0.0510806;0.948919;1300;25;0.01
0.0332031;0.966797;1300;25;0.02
0.0224609;0.977539;1300;25;0.03
0.00100806;0.998992;1300;25;0.04
0.015625;0.984375;1300;25;0.05
0.00976562;0.990234;1300;25;0.06
0.0673935;0.932607;1300;25;0.07
0.0878906;0.912109;1300;25;0.08
0.0323847;0.967615;1300;25;0.09
0.0800781;0.919922;1300;25;0.1
0.0739615;0.926039;1400;25;0
0.0175953;0.982405;1400;25;0.01
0.13739;0.86261;1400;25;0.02
0.0207101;0.97929;1400;25;0.03
0.0429688;0.957031;1400;25;0.04
0.0558824;0.944118;1400;25;0.05
0.0411361;0.958864;1400;25;0.06
0.0791016;0.920898;1400;25;0.07
0.05;0.95;1400;25;0.08
0.0478516;0.952148;1400;25;0.09
0.0517578;0.948242;1400;25;0.1
0.286693;0.713307;1500;25;0
0.118164;0.881836;1500;25;0.01
0.112524;0.887476;1500;25;0.02
0.0459082;0.954092;1500;25;0.03
0.0647059;0.935294;1500;25;0.04
0.0225049;0.977495;1500;25;0.05
0.037182;0.962818;1500;25;0.06
0.0263672;0.973633;1500;25;0.07
0.0507812;0.949219;1500;25;0.08
0.00587659;0.994123;1500;25;0.09
0.0394867;0.960513;1500;25;0.1
0.319444;0.680556;0;26;0
0.0421569;0.957843;0;26;0.01
0.0391007;0.960899;0;26;0.02
0.046875;0.953125;0;26;0.03
0.0668633;0.933137;0;26;0.04
0.027668;0.972332;0;26;0.05
0.0247036;0.975296;0;26;0.06
0.046169;0.953831;0;26;0.07
0.0439453;0.956055;0;26;0.08
0.014;0.986;0;26;0.09
0.0227498;0.97725;0;26;0.1
0.313477;0.686523;100;26;0
0.109375;0.890625;100;26;0.01
0.166992;0.833008;100;26;0.02
0.178711;0.821289;100;26;0.03
0.235352;0.764648;100;26;0.04
0.196289;0.803711;100;26;0.05
0.0939335;0.906067;100;26;0.06
0.129032;0.870968;100;26;0.07
0.154297;0.845703;100;26;0.08
0.208008;0.791992;100;26;0.09
0.135162;0.864838;100;26;0.1
0.255859;0.744141;200;26;0
0.282227;0.717773;200;26;0.01
0.267578;0.732422;200;26;0.02
0.204102;0.795898;200;26;0.03
0.126595;0.873405;200;26;0.04
0.170421;0.829579;200;26;0.05
0.150391;0.849609;200;26;0.06
0.0693359;0.930664;200;26;0.07
0.110568;0.889432;200;26;0.08
0.18457;0.81543;200;26;0.09
0.128937;0.871063;200;26;0.1
0.212891;0.787109;300;26;0
0.115234;0.884766;300;26;0.01
0.154297;0.845703;300;26;0.02
0.0546875;0.945312;300;26;0.03
0.0546875;0.945312;300;26;0.04
0.161133;0.838867;300;26;0.05
0.0976562;0.902344;300;26;0.06
0.124383;0.875617;300;26;0.07
0.104126;0.895874;300;26;0.08
0.0800781;0.919922;300;26;0.09
0.09375;0.90625;300;26;0.1
0.379883;0.620117;400;26;0
0.0957031;0.904297;400;26;0.01
0.0568627;0.943137;400;26;0.02
0.117188;0.882812;400;26;0.03
0.132353;0.867647;400;26;0.04
0.0976562;0.902344;400;26;0.05
0.145526;0.854474;400;26;0.06
0.136008;0.863992;400;26;0.07
0.179688;0.820312;400;26;0.08
0.0380859;0.961914;400;26;0.09
0.0591716;0.940828;400;26;0.1
0.0957552;0.904245;500;26;0
0.078125;0.921875;500;26;0.01
0.026393;0.973607;500;26;0.02
0.0361328;0.963867;500;26;0.03
0.0136719;0.986328;500;26;0.04
0.055;0.945;500;26;0.05
0.0507812;0.949219;500;26;0.06
0.0830078;0.916992;500;26;0.07
0.0917969;0.908203;500;26;0.08
0.0955665;0.904433;500;26;0.09
0.0520629;0.947937;500;26;0.1
0.240647;0.759353;600;26;0
0.0224609;0.977539;600;26;0.01
0.0820312;0.917969;600;26;0.02
0.05;0.95;600;26;0.03
0.0576172;0.942383;600;26;0.04
0.142018;0.857982;600;26;0.05
0.0277228;0.972277;600;26;0.06
0.00488281;0.995117;600;26;0.07
0.0263672;0.973633;600;26;0.08
0.0948192;0.905181;600;26;0.09
0.0175781;0.982422;600;26;0.1
0.231445;0.768555;700;26;0
0.0712891;0.928711;700;26;0.01
0.0859375;0.914062;700;26;0.02
0.145508;0.854492;700;26;0.03
0.109375;0.890625;700;26;0.04
0.0800781;0.919922;700;26;0.05
0.0708661;0.929134;700;26;0.06
0.0907298;0.90927;700;26;0.07
0.0478983;0.952102;700;26;0.08
0.0625;0.9375;700;26;0.09
0.016683;0.983317;700;26;0.1
0.208008;0.791992;800;26;0
0.0456802;0.95432;800;26;0.01
0.0615234;0.938477;800;26;0.02
0.0683594;0.931641;800;26;0.03
0.105469;0.894531;800;26;0.04
0.0888672;0.911133;800;26;0.05
0.0869141;0.913086;800;26;0.06
0.0644531;0.935547;800;26;0.07
0.131836;0.868164;800;26;0.08
0.00782779;0.992172;800;26;0.09
0.0136719;0.986328;800;26;0.1
0.295898;0.704102;900;26;0
0.0147524;0.985248;900;26;0.01
0.0117763;0.988224;900;26;0.02
0.0255654;0.974435;900;26;0.03
0.03125;0.96875;900;26;0.04
0.0328205;0.967179;900;26;0.05
0.00294695;0.997053;900;26;0.06
0.0205078;0.979492;900;26;0.07
0.0235525;0.976448;900;26;0.08
0.0791016;0.920898;900;26;0.09
0.0567515;0.943249;900;26;0.1
0.220703;0.779297;1000;26;0
0.126953;0.873047;1000;26;0.01
0.0966797;0.90332;1000;26;0.02
0.0595703;0.94043;1000;26;0.03
0.0157791;0.984221;1000;26;0.04
0.0275049;0.972495;1000;26;0.05
0.0488759;0.951124;1000;26;0.06
0.0159681;0.984032;1000;26;0.07
0.0254902;0.97451;1000;26;0.08
0.0563241;0.943676;1000;26;0.09
0.0127953;0.987205;1000;26;0.1
0.162512;0.837488;1100;26;0
0.0605469;0.939453;1100;26;0.01
0.0303922;0.969608;1100;26;0.02
0.0371094;0.962891;1100;26;0.03
0.0849609;0.915039;1100;26;0.04
0.0752688;0.924731;1100;26;0.05
0.0058651;0.994135;1100;26;0.06
0.00884086;0.991159;1100;26;0.07
0.0314651;0.968535;1100;26;0.08
0.0761719;0.923828;1100;26;0.09
0.013739;0.986261;1100;26;0.1
0.264648;0.735352;1200;26;0
0.0167323;0.983268;1200;26;0.01
0.00804829;0.991952;1200;26;0.02
0.0263672;0.973633;1200;26;0.03
0.046875;0.953125;1200;26;0.04
0.0722656;0.927734;1200;26;0.05
0.107422;0.892578;1200;26;0.06
0.0313726;0.968627;1200;26;0.07
0.0185547;0.981445;1200;26;0.08
0.0147348;0.985265;1200;26;0.09
0.0237154;0.976285;1200;26;0.1
0.0884086;0.911591;1300;26;0
0.0455446;0.954455;1300;26;0.01
0.0656863;0.934314;1300;26;0.02
0.0254154;0.974585;1300;26;0.03
0.0448207;0.955179;1300;26;0.04
0.0421569;0.957843;1300;26;0.05
0.0284314;0.971569;1300;26;0.06
0.0734856;0.926514;1300;26;0.07
0.0733138;0.926686;1300;26;0.08
0.0986328;0.901367;1300;26;0.09
0.133789;0.866211;1300;26;0.1
0.380999;0.619001;1400;26;0
0.06588;0.93412;1400;26;0.01
0.0742188;0.925781;1400;26;0.02
0.133789;0.866211;1400;26;0.03
0.139648;0.860352;1400;26;0.04
0.0722656;0.927734;1400;26;0.05
0.0520118;0.947988;1400;26;0.06
0.0371094;0.962891;1400;26;0.07
0.0527344;0.947266;1400;26;0.08
0.0361328;0.963867;1400;26;0.09
0.101562;0.898438;1400;26;0.1
0.198436;0.801564;1500;26;0
0.0256663;0.974334;1500;26;0.01
0.0703125;0.929688;1500;26;0.02
0.0703125;0.929688;1500;26;0.03
0.0205078;0.979492;1500;26;0.04
0.0185728;0.981427;1500;26;0.05
0.0196464;0.980354;1500;26;0.06
0.0346878;0.965312;1500;26;0.07
0.0314342;0.968566;1500;26;0.08
0.0205078;0.979492;1500;26;0.09
0.0588813;0.941119;1500;26;0.1
0.262213;0.737787;0;27;0
0.0430528;0.956947;0;27;0.01
0.061886;0.938114;0;27;0.02
0.0302734;0.969727;0;27;0.03
0.0273438;0.972656;0;27;0.04
0.0429688;0.957031;0;27;0.05
0.0292969;0.970703;0;27;0.06
0.0227273;0.977273;0;27;0.07
0.0010101;0.99899;0;27;0.08
0.0255906;0.974409;0;27;0.09
0.00296443;0.997036;0;27;0.1
0.368164;0.631836;100;27;0
0.128431;0.871569;100;27;0.01
0.125;0.875;100;27;0.02
0.140196;0.859804;100;27;0.03
0.200195;0.799805;100;27;0.04
0.244141;0.755859;100;27;0.05
0.0419922;0.958008;100;27;0.06
0.142296;0.857704;100;27;0.07
0.0449219;0.955078;100;27;0.08
0.141602;0.858398;100;27;0.09
0.228516;0.771484;100;27;0.1
0.168462;0.831538;200;27;0
0.0527344;0.947266;200;27;0.01
0.125;0.875;200;27;0.02
0.058997;0.941003;200;27;0.03
0.0675147;0.932485;200;27;0.04
0.0283757;0.971624;200;27;0.05
0.165039;0.834961;200;27;0.06
0.128906;0.871094;200;27;0.07
0.141602;0.858398;200;27;0.08
0.137695;0.862305;200;27;0.09
0.116211;0.883789;200;27;0.1
0.261719;0.738281;300;27;0
0.205279;0.794721;300;27;0.01
0.100586;0.899414;300;27;0.02
0.114258;0.885742;300;27;0.03
0.09375;0.90625;300;27;0.04
0.111328;0.888672;300;27;0.05
0.049951;0.950049;300;27;0.06
0.123047;0.876953;300;27;0.07
0.131836;0.868164;300;27;0.08
0.134051;0.865949;300;27;0.09
0.0480392;0.951961;300;27;0.1
0.174729;0.825271;400;27;0
0.046875;0.953125;400;27;0.01
0.0205078;0.979492;400;27;0.02
0.00884956;0.99115;400;27;0.03
0.0917969;0.908203;400;27;0.04
0.0898438;0.910156;400;27;0.05
0.173828;0.826172;400;27;0.06
0.0275591;0.972441;400;27;0.07
0.0410156;0.958984;400;27;0.08
0.0469208;0.953079;400;27;0.09
0.0162272;0.983773;400;27;0.1
0.120117;0.879883;500;27;0
0.0839844;0.916016;500;27;0.01
0.0921569;0.907843;500;27;0.02
0.0605469;0.939453;500;27;0.03
0.017769;0.982231;500;27;0.04
0.0292969;0.970703;500;27;0.05
0.0576172;0.942383;500;27;0.06
0.0517578;0.948242;500;27;0.07
0.0791016;0.920898;500;27;0.08
0.101562;0.898438;500;27;0.09
0.198242;0.801758;500;27;0.1
0.383789;0.616211;600;27;0
0.0820312;0.917969;600;27;0.01
0.113281;0.886719;600;27;0.02
0.0186824;0.981318;600;27;0.03
0.020649;0.979351;600;27;0.04
0.0411361;0.958864;600;27;0.05
0.0374016;0.962598;600;27;0.06
0.0129353;0.987065;600;27;0.07
0.0108803;0.98912;600;27;0.08
0.011;0.989;600;27;0.09
0.0197044;0.980296;600;27;0.1
0.251976;0.748024;700;27;0
0.014881;0.985119;700;27;0.01
0.0136719;0.986328;700;27;0.02
0.0722656;0.927734;700;27;0.03
0.0987292;0.901271;700;27;0.04
0.113281;0.886719;700;27;0.05
0.0451807;0.954819;700;27;0.06
0.0380859;0.961914;700;27;0.07
0.085044;0.914956;700;27;0.08
0.09375;0.90625;700;27;0.09
0.0168484;0.983152;700;27;0.1
0.185294;0.814706;800;27;0
0.0636008;0.936399;800;27;0.01
0.0433925;0.956608;800;27;0.02
0.131373;0.868627;800;27;0.03
0.102539;0.897461;800;27;0.04
0.0444664;0.955534;800;27;0.05
0.0107422;0.989258;800;27;0.06
0.0673828;0.932617;800;27;0.07
0.0361328;0.963867;800;27;0.08
0.102539;0.897461;800;27;0.09
0.0289133;0.971087;800;27;0.1
0.13392;0.86608;900;27;0
0.0346535;0.965347;900;27;0.01
0.0703125;0.929688;900;27;0.02
0.0556641;0.944336;900;27;0.03
0.0705191;0.929481;900;27;0.04
0.0351562;0.964844;900;27;0.05
0.0576172;0.942383;900;27;0.06
0.0215686;0.978431;900;27;0.07
0.0309381;0.969062;900;27;0.08
0.0324165;0.967583;900;27;0.09
0.026973;0.973027;900;27;0.1
0.295898;0.704102;1000;27;0
0.00610376;0.993896;1000;27;0.01
0.000988142;0.999012;1000;27;0.02
0.0391389;0.960861;1000;27;0.03
0.0203874;0.979613;1000;27;0.04
0.00693069;0.993069;1000;27;0.05
0.0255403;0.97446;1000;27;0.06
0.0439453;0.956055;1000;27;0.07
0.0800781;0.919922;1000;27;0.08
0.06778;0.93222;1000;27;0.09
0.0147203;0.98528;1000;27;0.1
0.269531;0.730469;1100;27;0
0.0254902;0.97451;1100;27;0.01
0.0292969;0.970703;1100;27;0.02
0.182617;0.817383;1100;27;0.03
0.0605469;0.939453;1100;27;0.04
0.0479922;0.952008;1100;27;0.05
0.021611;0.978389;1100;27;0.06
0.0830078;0.916992;1100;27;0.07
0.0908203;0.90918;1100;27;0.08
0.0318091;0.968191;1100;27;0.09
0.0712891;0.928711;1100;27;0.1
0.222772;0.777228;1200;27;0
0.030422;0.969578;1200;27;0.01
0.0595703;0.94043;1200;27;0.02
0.078125;0.921875;1200;27;0.03
0.0917969;0.908203;1200;27;0.04
0.0185547;0.981445;1200;27;0.05
0.0664062;0.933594;1200;27;0.06
0.0138614;0.986139;1200;27;0.07
0.0273973;0.972603;1200;27;0.08
0.0634766;0.936523;1200;27;0.09
0.0400782;0.959922;1200;27;0.1
0.183251;0.816749;1300;27;0
0.0269461;0.973054;1300;27;0.01
0.0401174;0.959883;1300;27;0.02
0.0264966;0.973503;1300;27;0.03
0.161133;0.838867;1300;27;0.04
0.023692;0.976308;1300;27;0.05
0.0507812;0.949219;1300;27;0.06
0.0986328;0.901367;1300;27;0.07
0.0196464;0.980354;1300;27;0.08
0.0535183;0.946482;1300;27;0.09
0.0245098;0.97549;1300;27;0.1
0.321289;0.678711;1400;27;0
0.00587659;0.994123;1400;27;0.01
0.0214844;0.978516;1400;27;0.02
0.0429688;0.957031;1400;27;0.03
0.0324803;0.96752;1400;27;0.04
0.0302734;0.969727;1400;27;0.05
0.0410156;0.958984;1400;27;0.06
0.0537109;0.946289;1400;27;0.07
0.0344828;0.965517;1400;27;0.08
0.0332031;0.966797;1400;27;0.09
0.0742188;0.925781;1400;27;0.1
0.413086;0.586914;1500;27;0
0.0314651;0.968535;1500;27;0.01
0.0285433;0.971457;1500;27;0.02
0.0137255;0.986274;1500;27;0.03
0.0292969;0.970703;1500;27;0.04
0.0049554;0.995045;1500;27;0.05
0.0235294;0.976471;1500;27;0.06
0.015625;0.984375;1500;27;0.07
0.0283203;0.97168;1500;27;0.08
0.0585938;0.941406;1500;27;0.09
0.0610236;0.938976;1500;27;0.1
0.133595;0.866405;0;28;0
0.00203874;0.997961;0;28;0.01
0;1;0;28;0.02
0.0566406;0.943359;0;28;0.03
0.058651;0.941349;0;28;0.04
0.0380859;0.961914;0;28;0.05
0.0248262;0.975174;0;28;0.06
0.00294695;0.997053;0;28;0.07
0.019861;0.980139;0;28;0.08
0;1;0;28;0.09
0.102539;0.897461;0;28;0.1
0.272461;0.727539;100;28;0
0.1875;0.8125;100;28;0.01
0.24707;0.75293;100;28;0.02
0.081854;0.918146;100;28;0.03
0.0566406;0.943359;100;28;0.04
0.140625;0.859375;100;28;0.05
0.125977;0.874023;100;28;0.06
0.219727;0.780273;100;28;0.07
0.179688;0.820312;100;28;0.08
0.0588813;0.941119;100;28;0.09
0.0771484;0.922852;100;28;0.1
0.383251;0.616749;200;28;0
0.101562;0.898438;200;28;0.01
0.131836;0.868164;200;28;0.02
0.180664;0.819336;200;28;0.03
0.378906;0.621094;200;28;0.04
0.143555;0.856445;200;28;0.05
0.0607843;0.939216;200;28;0.06
0.193327;0.806673;200;28;0.07
0.13712;0.86288;200;28;0.08
0.111328;0.888672;200;28;0.09
0.0992141;0.900786;200;28;0.1
0.337891;0.662109;300;28;0
0.237305;0.762695;300;28;0.01
0.0425743;0.957426;300;28;0.02
0.09375;0.90625;300;28;0.03
0.0751953;0.924805;300;28;0.04
0.0693359;0.930664;300;28;0.05
0.164062;0.835938;300;28;0.06
0.1652;0.8348;300;28;0.07
0.133203;0.866797;300;28;0.08
0.111655;0.888345;300;28;0.09
0.176758;0.823242;300;28;0.1
0.393555;0.606445;400;28;0
0.0927734;0.907227;400;28;0.01
0.117188;0.882812;400;28;0.02
0.0352941;0.964706;400;28;0.03
0.0585938;0.941406;400;28;0.04
0.0185547;0.981445;400;28;0.05
0.115234;0.884766;400;28;0.06
0.0244141;0.975586;400;28;0.07
0.0996094;0.900391;400;28;0.08
0.170898;0.829102;400;28;0.09
0.0216323;0.978368;400;28;0.1
0.358749;0.641251;500;28;0
0.0546875;0.945312;500;28;0.01
0.148438;0.851562;500;28;0.02
0.0963618;0.903638;500;28;0.03
0.0949119;0.905088;500;28;0.04
0.152344;0.847656;500;28;0.05
0.0771484;0.922852;500;28;0.06
0.0638507;0.936149;500;28;0.07
0.0303624;0.969638;500;28;0.08
0.0507812;0.949219;500;28;0.09
0.0792564;0.920744;500;28;0.1
0.358749;0.641251;600;28;0
0.046875;0.953125;600;28;0.01
0.046875;0.953125;600;28;0.02
0.0872549;0.912745;600;28;0.03
0.0732422;0.926758;600;28;0.04
0.0433498;0.95665;600;28;0.05
0.0247525;0.975248;600;28;0.06
0.0126953;0.987305;600;28;0.07
0.0430528;0.956947;600;28;0.08
0.113281;0.886719;600;28;0.09
0.100586;0.899414;600;28;0.1
0.28348;0.71652;700;28;0
0.0293542;0.970646;700;28;0.01
0.0517578;0.948242;700;28;0.02
0.0996094;0.900391;700;28;0.03
0.030303;0.969697;700;28;0.04
0.0227948;0.977205;700;28;0.05
0.0537109;0.946289;700;28;0.06
0.0830078;0.916992;700;28;0.07
0.0449219;0.955078;700;28;0.08
0.0617042;0.938296;700;28;0.09
0.00979432;0.990206;700;28;0.1
0.303327;0.696673;800;28;0
0.054902;0.945098;800;28;0.01
0.0664062;0.933594;800;28;0.02
0.0751953;0.924805;800;28;0.03
0.0800781;0.919922;800;28;0.04
0.054741;0.945259;800;28;0.05
0.0245098;0.97549;800;28;0.06
0.0361681;0.963832;800;28;0.07
0.0285152;0.971485;800;28;0.08
0.013712;0.986288;800;28;0.09
0.0908203;0.90918;800;28;0.1
0.269;0.731;900;28;0
0.00195312;0.998047;900;28;0.01
0.0440744;0.955926;900;28;0.02
0.0585938;0.941406;900;28;0.03
0.0313418;0.968658;900;28;0.04
0.0429688;0.957031;900;28;0.05
0.119141;0.880859;900;28;0.06
0.00195312;0.998047;900;28;0.07
0.00683594;0.993164;900;28;0.08
0.101562;0.898438;900;28;0.09
0.0976562;0.902344;900;28;0.1
0.275654;0.724346;1000;28;0
0.0206897;0.97931;1000;28;0.01
0.0283203;0.97168;1000;28;0.02
0.0195503;0.98045;1000;28;0.03
0.0452311;0.954769;1000;28;0.04
0.0224829;0.977517;1000;28;0.05
0.115686;0.884314;1000;28;0.06
0.0205882;0.979412;1000;28;0.07
0.0537634;0.946237;1000;28;0.08
0.102539;0.897461;1000;28;0.09
0.0869141;0.913086;1000;28;0.1
0.244118;0.755882;1100;28;0
0.027451;0.972549;1100;28;0.01
0.0137525;0.986248;1100;28;0.02
0.0263672;0.973633;1100;28;0.03
0.144531;0.855469;1100;28;0.04
0.0991168;0.900883;1100;28;0.05
0.043095;0.956905;1100;28;0.06
0.0794897;0.92051;1100;28;0.07
0.00503018;0.99497;1100;28;0.08
0.0175953;0.982405;1100;28;0.09
0.0158416;0.984158;1100;28;0.1
0.118627;0.881373;1200;28;0
0.045098;0.954902;1200;28;0.01
0.0168986;0.983101;1200;28;0.02
0.0136719;0.986328;1200;28;0.03
0.0537109;0.946289;1200;28;0.04
0.0117188;0.988281;1200;28;0.05
0.00878906;0.991211;1200;28;0.06
0.0478516;0.952148;1200;28;0.07
0.0332031;0.966797;1200;28;0.08
0.0581281;0.941872;1200;28;0.09
0.0353288;0.964671;1200;28;0.1
0.195437;0.804563;1300;28;0
0.0284593;0.971541;1300;28;0.01
0.0225711;0.977429;1300;28;0.02
0.0558824;0.944118;1300;28;0.03
0.039604;0.960396;1300;28;0.04
0.0214844;0.978516;1300;28;0.05
0.0664062;0.933594;1300;28;0.06
0.0341797;0.96582;1300;28;0.07
0.0519099;0.94809;1300;28;0.08
0.0842311;0.915769;1300;28;0.09
0.049951;0.950049;1300;28;0.1
0.367188;0.632812;1400;28;0
0.0803922;0.919608;1400;28;0.01
0.0488759;0.951124;1400;28;0.02
0.117188;0.882812;1400;28;0.03
0.023622;0.976378;1400;28;0.04
0.013834;0.986166;1400;28;0.05
0.0615234;0.938477;1400;28;0.06
0.00197433;0.998026;1400;28;0.07
0.0128458;0.987154;1400;28;0.08
0.0381978;0.961802;1400;28;0.09
0.0392927;0.960707;1400;28;0.1
0.273438;0.726562;1500;28;0
0.136719;0.863281;1500;28;0.01
0.103516;0.896484;1500;28;0.02
0.000976562;0.999023;1500;28;0.03
0.0714286;0.928571;1500;28;0.04
0.0537634;0.946237;1500;28;0.05
0.0908203;0.90918;1500;28;0.06
0.101562;0.898438;1500;28;0.07
0.00303644;0.996964;1500;28;0.08
0.0419922;0.958008;1500;28;0.09
0.0517578;0.948242;1500;28;0.1
0.26284;0.73716;0;29;0
0;1;0;29;0.01
0;1;0;29;0.02
0.0410156;0.958984;0;29;0.03
0.0110442;0.988956;0;29;0.04
0.0343474;0.965653;0;29;0.05
0.0120482;0.987952;0;29;0.06
0;1;0;29;0.07
0.0478983;0.952102;0;29;0.08
0.0422397;0.95776;0;29;0.09
0.018591;0.981409;0;29;0.1
0.223866;0.776134;100;29;0
0.0732422;0.926758;100;29;0.01
0.274414;0.725586;100;29;0.02
0.213099;0.786901;100;29;0.03
0.204102;0.795898;100;29;0.04
0.0518084;0.948192;100;29;0.05
0.0703125;0.929688;100;29;0.06
0.0322266;0.967773;100;29;0.07
0.0814524;0.918548;100;29;0.08
0.0976562;0.902344;100;29;0.09
0.21875;0.78125;100;29;0.1
0.260314;0.739686;200;29;0
0.0888672;0.911133;200;29;0.01
0.156709;0.843291;200;29;0.02
0.0569185;0.943081;200;29;0.03
0.0674487;0.932551;200;29;0.04
0.0898438;0.910156;200;29;0.05
0.0431373;0.956863;200;29;0.06
0.0413386;0.958661;200;29;0.07
0.0254652;0.974535;200;29;0.08
0.0898438;0.910156;200;29;0.09
0.107422;0.892578;200;29;0.1
0.175781;0.824219;300;29;0
0.0683594;0.931641;300;29;0.01
0.0419922;0.958008;300;29;0.02
0.113281;0.886719;300;29;0.03
0.0859375;0.914062;300;29;0.04
0.0693359;0.930664;300;29;0.05
0.0703125;0.929688;300;29;0.06
0.0908203;0.90918;300;29;0.07
0.0585938;0.941406;300;29;0.08
0.0765456;0.923454;300;29;0.09
0.0587659;0.941234;300;29;0.1
0.259766;0.740234;400;29;0
0.161133;0.838867;400;29;0.01
0.0839921;0.916008;400;29;0.02
0.0683594;0.931641;400;29;0.03
0.0454545;0.954545;400;29;0.04
0.0742188;0.925781;400;29;0.05
0.124023;0.875977;400;29;0.06
0.12047;0.87953;400;29;0.07
0.014;0.986;400;29;0.08
0.0410156;0.958984;400;29;0.09
0.0751953;0.924805;400;29;0.1
0.410156;0.589844;500;29;0
0.15625;0.84375;500;29;0.01
0.0607248;0.939275;500;29;0.02
0.0498047;0.950195;500;29;0.03
0.0820312;0.917969;500;29;0.04
0.124145;0.875855;500;29;0.05
0.119141;0.880859;500;29;0.06
0.216797;0.783203;500;29;0.07
0.0275591;0.972441;500;29;0.08
0.0275049;0.972495;500;29;0.09
0.0849609;0.915039;500;29;0.1
0.181018;0.818982;600;29;0
0.0224609;0.977539;600;29;0.01
0.038961;0.961039;600;29;0.02
0.0225711;0.977429;600;29;0.03
0.0763209;0.923679;600;29;0.04
0.0958904;0.90411;600;29;0.05
0.018591;0.981409;600;29;0.06
0.0244141;0.975586;600;29;0.07
0.0234834;0.976517;600;29;0.08
0.0606362;0.939364;600;29;0.09
0.0605469;0.939453;600;29;0.1
0.399414;0.600586;700;29;0
0.0875123;0.912488;700;29;0.01
0.023692;0.976308;700;29;0.02
0.0751953;0.924805;700;29;0.03
0.0971541;0.902846;700;29;0.04
0.0839844;0.916016;700;29;0.05
0.0576172;0.942383;700;29;0.06
0.125977;0.874023;700;29;0.07
0.100586;0.899414;700;29;0.08
0.160156;0.839844;700;29;0.09
0.0949119;0.905088;700;29;0.1
0.237305;0.762695;800;29;0
0.019861;0.980139;800;29;0.01
0.0107422;0.989258;800;29;0.02
0.0675808;0.932419;800;29;0.03
0.120117;0.879883;800;29;0.04
0.0753425;0.924658;800;29;0.05
0.0410156;0.958984;800;29;0.06
0.0908203;0.90918;800;29;0.07
0.0898438;0.910156;800;29;0.08
0.0839844;0.916016;800;29;0.09
0.402344;0.597656;800;29;0.1
0.24707;0.75293;900;29;0
0.0673828;0.932617;900;29;0.01
0.0556641;0.944336;900;29;0.02
0.0537109;0.946289;900;29;0.03
0.0625;0.9375;900;29;0.04
0.0722656;0.927734;900;29;0.05
0.0401961;0.959804;900;29;0.06
0.0273438;0.972656;900;29;0.07
0.0654297;0.93457;900;29;0.08
0.0537634;0.946237;900;29;0.09
0.0313418;0.968658;900;29;0.1
0.211973;0.788027;1000;29;0
0.0351562;0.964844;1000;29;0.01
0.0166178;0.983382;1000;29;0.02
0.0390625;0.960938;1000;29;0.03
0.196289;0.803711;1000;29;0.04
0.0451866;0.954813;1000;29;0.05
0.0566406;0.943359;1000;29;0.06
0.0585938;0.941406;1000;29;0.07
0.106445;0.893555;1000;29;0.08
0.109375;0.890625;1000;29;0.09
0.0175781;0.982422;1000;29;0.1
0.23945;0.76055;1100;29;0
0.0684932;0.931507;1100;29;0.01
0.0901961;0.909804;1100;29;0.02
0.0029615;0.997038;1100;29;0.03
0.0166503;0.98335;1100;29;0.04
0.0393701;0.96063;1100;29;0.05
0.0235525;0.976448;1100;29;0.06
0.0403543;0.959646;1100;29;0.07
0.0605469;0.939453;1100;29;0.08
0.0195312;0.980469;1100;29;0.09
0.0302734;0.969727;1100;29;0.1
0.157689;0.842311;1200;29;0
0.115234;0.884766;1200;29;0.01
0.0546875;0.945312;1200;29;0.02
0.0878906;0.912109;1200;29;0.03
0.00488281;0.995117;1200;29;0.04
0.0914454;0.908555;1200;29;0.05
0.0830078;0.916992;1200;29;0.06
0.0225049;0.977495;1200;29;0.07
0.00976562;0.990234;1200;29;0.08
0.0667321;0.933268;1200;29;0.09
0.00882353;0.991176;1200;29;0.1
0.290514;0.709486;1300;29;0
0.0244141;0.975586;1300;29;0.01
0.0253906;0.974609;1300;29;0.02
0.0185547;0.981445;1300;29;0.03
0.0559921;0.944008;1300;29;0.04
0.0609037;0.939096;1300;29;0.05
0.0449658;0.955034;1300;29;0.06
0.0235064;0.976494;1300;29;0.07
0.0293542;0.970646;1300;29;0.08
0.108824;0.891176;1300;29;0.09
0.0844794;0.915521;1300;29;0.1
0.120117;0.879883;1400;29;0
0.0693069;0.930693;1400;29;0.01
0.0615234;0.938477;1400;29;0.02
0.0595703;0.94043;1400;29;0.03
0.0256663;0.974334;1400;29;0.04
0.00890208;0.991098;1400;29;0.05
0.00782014;0.99218;1400;29;0.06
0.013712;0.986288;1400;29;0.07
0.104492;0.895508;1400;29;0.08
0.0410156;0.958984;1400;29;0.09
0.0566406;0.943359;1400;29;0.1
0.106426;0.893574;1500;29;0
0.0126953;0.987305;1500;29;0.01
0.0227948;0.977205;1500;29;0.02
0.0273438;0.972656;1500;29;0.03
0.0917969;0.908203;1500;29;0.04
0.09375;0.90625;1500;29;0.05
0.0187377;0.981262;1500;29;0.06
0.013739;0.986261;1500;29;0.07
0.0548482;0.945152;1500;29;0.08
0.0322581;0.967742;1500;29;0.09
0.0791016;0.920898;1500;29;0.1
0.114258;0.885742;0;30;0
0.179688;0.820312;0;30;0.01
0;1;0;30;0.02
0.0111562;0.988844;0;30;0.03
0.0187377;0.981262;0;30;0.04
0;1;0;30;0.05
0.006917;0.993083;0;30;0.06
0;1;0;30;0.07
0.001998;0.998002;0;30;0.08
0.0410156;0.958984;0;30;0.09
0.0186275;0.981373;0;30;0.1
0.396484;0.603516;100;30;0
0.25293;0.74707;100;30;0.01
0.0887574;0.911243;100;30;0.02
0.116211;0.883789;100;30;0.03
0.171875;0.828125;100;30;0.04
0.261719;0.738281;100;30;0.05
0.148438;0.851562;100;30;0.06
0.124754;0.875246;100;30;0.07
0.264648;0.735352;100;30;0.08
0.331055;0.668945;100;30;0.09
0.13783;0.86217;100;30;0.1
0.227539;0.772461;200;30;0
0.144531;0.855469;200;30;0.01
0.113392;0.886608;200;30;0.02
0.136986;0.863014;200;30;0.03
0.0316518;0.968348;200;30;0.04
0.0791016;0.920898;200;30;0.05
0.196289;0.803711;200;30;0.06
0.144531;0.855469;200;30;0.07
0.0927734;0.907227;200;30;0.08
0.0488281;0.951172;200;30;0.09
0.249023;0.750977;200;30;0.1
0.396264;0.603736;300;30;0
0.0839844;0.916016;300;30;0.01
0.220703;0.779297;300;30;0.02
0.1875;0.8125;300;30;0.03
0.147461;0.852539;300;30;0.04
0.0146484;0.985352;300;30;0.05
0.0312805;0.968719;300;30;0.06
0.0966797;0.90332;300;30;0.07
0.0675808;0.932419;300;30;0.08
0.0577865;0.942214;300;30;0.09
0.0810547;0.918945;300;30;0.1
0.125977;0.874023;400;30;0
0.0527344;0.947266;400;30;0.01
0.0529471;0.947053;400;30;0.02
0.0699507;0.930049;400;30;0.03
0.0568071;0.943193;400;30;0.04
0.121094;0.878906;400;30;0.05
0.120588;0.879412;400;30;0.06
0.110352;0.889648;400;30;0.07
0.108717;0.891283;400;30;0.08
0.0585938;0.941406;400;30;0.09
0.0683594;0.931641;400;30;0.1
0.362305;0.637695;500;30;0
0.0410156;0.958984;500;30;0.01
0.150391;0.849609;500;30;0.02
0.165039;0.834961;500;30;0.03
0.180664;0.819336;500;30;0.04
0.093046;0.906954;500;30;0.05
0.0878906;0.912109;500;30;0.06
0.125977;0.874023;500;30;0.07
0.0785083;0.921492;500;30;0.08
0.0569185;0.943081;500;30;0.09
0.023976;0.976024;500;30;0.1
0.0820312;0.917969;600;30;0
0.0654297;0.93457;600;30;0.01
0.0616438;0.938356;600;30;0.02
0.107422;0.892578;600;30;0.03
0.138672;0.861328;600;30;0.04
0.0751953;0.924805;600;30;0.05
0.149414;0.850586;600;30;0.06
0.0564356;0.943564;600;30;0.07
0.0830078;0.916992;600;30;0.08
0.0986328;0.901367;600;30;0.09
0.0751953;0.924805;600;30;0.1
0.395303;0.604697;700;30;0
0.0957967;0.904203;700;30;0.01
0.124023;0.875977;700;30;0.02
0.125977;0.874023;700;30;0.03
0.0976562;0.902344;700;30;0.04
0.0839844;0.916016;700;30;0.05
0.0635386;0.936461;700;30;0.06
0.0185547;0.981445;700;30;0.07
0.0334646;0.966535;700;30;0.08
0.0273438;0.972656;700;30;0.09
0.128557;0.871443;700;30;0.1
0.172852;0.827148;800;30;0
0.0782779;0.921722;800;30;0.01
0.000990099;0.99901;800;30;0.02
0.00488281;0.995117;800;30;0.03
0.0461236;0.953876;800;30;0.04
0.0107422;0.989258;800;30;0.05
0.0685602;0.93144;800;30;0.06
0.0537109;0.946289;800;30;0.07
0.0253906;0.974609;800;30;0.08
0.0976562;0.902344;800;30;0.09
0.103617;0.896383;800;30;0.1
0.276367;0.723633;900;30;0
0.10274;0.89726;900;30;0.01
0.0673828;0.932617;900;30;0.02
0.028348;0.971652;900;30;0.03
0.00490196;0.995098;900;30;0.04
0.0381978;0.961802;900;30;0.05
0.0717797;0.92822;900;30;0.06
0.0654297;0.93457;900;30;0.07
0.0107422;0.989258;900;30;0.08
0.016683;0.983317;900;30;0.09
0.00886699;0.991133;900;30;0.1
0.271569;0.728431;1000;30;0
0.0558824;0.944118;1000;30;0.01
0.0625611;0.937439;1000;30;0.02
0.0234375;0.976562;1000;30;0.03
0.0566406;0.943359;1000;30;0.04
0.022549;0.977451;1000;30;0.05
0.0108911;0.989109;1000;30;0.06
0.016683;0.983317;1000;30;0.07
0.0245339;0.975466;1000;30;0.08
0.0361681;0.963832;1000;30;0.09
0.0771484;0.922852;1000;30;0.1
0.281188;0.718812;1100;30;0
0.0625;0.9375;1100;30;0.01
0.027972;0.972028;1100;30;0.02
0.0617042;0.938296;1100;30;0.03
0.0882353;0.911765;1100;30;0.04
0.0449219;0.955078;1100;30;0.05
0.0507812;0.949219;1100;30;0.06
0.0166016;0.983398;1100;30;0.07
0.0576172;0.942383;1100;30;0.08
0.0810547;0.918945;1100;30;0.09
0.165039;0.834961;1100;30;0.1
0.0791016;0.920898;1200;30;0
0.0459433;0.954057;1200;30;0.01
0.0501968;0.949803;1200;30;0.02
0.0117302;0.98827;1200;30;0.03
0.104492;0.895508;1200;30;0.04
0.00518672;0.994813;1200;30;0.05
0.0136719;0.986328;1200;30;0.06
0.00589391;0.994106;1200;30;0.07
0.00976562;0.990234;1200;30;0.08
0.0129096;0.98709;1200;30;0.09
0.0129096;0.98709;1200;30;0.1
0.127827;0.872173;1300;30;0
0.0546875;0.945312;1300;30;0.01
0.0341797;0.96582;1300;30;0.02
0.0990196;0.90098;1300;30;0.03
0.0615234;0.938477;1300;30;0.04
0.00499501;0.995005;1300;30;0.05
0.0176817;0.982318;1300;30;0.06
0.0283203;0.97168;1300;30;0.07
0.0576172;0.942383;1300;30;0.08
0.0117188;0.988281;1300;30;0.09
0.0502463;0.949754;1300;30;0.1
0.328094;0.671906;1400;30;0
0.0335637;0.966436;1400;30;0.01
0.00390625;0.996094;1400;30;0.02
0.0546875;0.945312;1400;30;0.03
0.110352;0.889648;1400;30;0.04
0.00689655;0.993103;1400;30;0.05
0.0351562;0.964844;1400;30;0.06
0.0634766;0.936523;1400;30;0.07
0.0722656;0.927734;1400;30;0.08
0.0483712;0.951629;1400;30;0.09
0.00683594;0.993164;1400;30;0.1
0.225586;0.774414;1500;30;0
0.00488281;0.995117;1500;30;0.01
0.0195503;0.98045;1500;30;0.02
0.00493583;0.995064;1500;30;0.03
0.0147493;0.985251;1500;30;0.04
0.0284035;0.971596;1500;30;0.05
0.0302734;0.969727;1500;30;0.06
0.00196271;0.998037;1500;30;0.07
0.00294985;0.99705;1500;30;0.08
0.00684262;0.993157;1500;30;0.09
0.0303922;0.969608;1500;30;0.1
0.120724;0.879276;0;31;0
0.0234375;0.976562;0;31;0.01
0.0400391;0.959961;0;31;0.02
0.0419922;0.958008;0;31;0.03
0.0332031;0.966797;0;31;0.04
0.0128458;0.987154;0;31;0.05
0.00394089;0.996059;0;31;0.06
0.0364892;0.963511;0;31;0.07
0.0253906;0.974609;0;31;0.08
0.0488281;0.951172;0;31;0.09
0.0478516;0.952148;0;31;0.1
0.46875;0.53125;100;31;0
0.249267;0.750733;100;31;0.01
0.18457;0.81543;100;31;0.02
0.120117;0.879883;100;31;0.03
0.215339;0.784661;100;31;0.04
0.0888672;0.911133;100;31;0.05
0.25;0.75;100;31;0.06
0.111111;0.888889;100;31;0.07
0.124023;0.875977;100;31;0.08
0.130859;0.869141;100;31;0.09
0.120117;0.879883;100;31;0.1
0.314453;0.685547;200;31;0
0.164062;0.835938;200;31;0.01
0.0791016;0.920898;200;31;0.02
0.0343811;0.965619;200;31;0.03
0.107527;0.892473;200;31;0.04
0.03125;0.96875;200;31;0.05
0.0694037;0.930596;200;31;0.06
0.132812;0.867188;200;31;0.07
0.160156;0.839844;200;31;0.08
0.326172;0.673828;200;31;0.09
0.0449219;0.955078;200;31;0.1
0.350343;0.649657;300;31;0
0.0606654;0.939335;300;31;0.01
0.191406;0.808594;300;31;0.02
0.0717797;0.92822;300;31;0.03
0.00899101;0.991009;300;31;0.04
0.0273438;0.972656;300;31;0.05
0.0322266;0.967773;300;31;0.06
0.0947266;0.905273;300;31;0.07
0.163086;0.836914;300;31;0.08
0.165524;0.834476;300;31;0.09
0.0166178;0.983382;300;31;0.1
0.236791;0.763209;400;31;0
0.125;0.875;400;31;0.01
0.167969;0.832031;400;31;0.02
0.163086;0.836914;400;31;0.03
0.0621302;0.93787;400;31;0.04
0.0615234;0.938477;400;31;0.05
0.0615234;0.938477;400;31;0.06
0.0723363;0.927664;400;31;0.07
0.0363815;0.963618;400;31;0.08
0.107422;0.892578;400;31;0.09
0.0686948;0.931305;400;31;0.1
0.127872;0.872128;500;31;0
0.0470127;0.952987;500;31;0.01
0.0334975;0.966502;500;31;0.02
0.0577865;0.942214;500;31;0.03
0.0830078;0.916992;500;31;0.04
0.100684;0.899316;500;31;0.05
0.103516;0.896484;500;31;0.06
0.0361328;0.963867;500;31;0.07
0.078125;0.921875;500;31;0.08
0.171875;0.828125;500;31;0.09
0.161133;0.838867;500;31;0.1
0.274414;0.725586;600;31;0
0.073;0.927;600;31;0.01
0.0507812;0.949219;600;31;0.02
0.0449219;0.955078;600;31;0.03
0.0927734;0.907227;600;31;0.04
0.0644531;0.935547;600;31;0.05
0.124023;0.875977;600;31;0.06
0.166992;0.833008;600;31;0.07
0.0670611;0.932939;600;31;0.08
0.00585938;0.994141;600;31;0.09
0.0767717;0.923228;600;31;0.1
0.264244;0.735756;700;31;0
0.0149701;0.98503;700;31;0.01
0.0839844;0.916016;700;31;0.02
0.0478983;0.952102;700;31;0.03
0.0352941;0.964706;700;31;0.04
0.0664062;0.933594;700;31;0.05
0.0341797;0.96582;700;31;0.06
0.0117763;0.988224;700;31;0.07
0.011846;0.988154;700;31;0.08
0.0634766;0.936523;700;31;0.09
0.0049554;0.995045;700;31;0.1
0.137695;0.862305;800;31;0
0.0820312;0.917969;800;31;0.01
0.0527344;0.947266;800;31;0.02
0.0421156;0.957884;800;31;0.03
0.12793;0.87207;800;31;0.04
0.0283203;0.97168;800;31;0.05
0.0771484;0.922852;800;31;0.06
0.0226824;0.977318;800;31;0.07
0.0569185;0.943081;800;31;0.08
0.0917969;0.908203;800;31;0.09
0.103516;0.896484;800;31;0.1
0.264706;0.735294;900;31;0
0.118164;0.881836;900;31;0.01
0.169922;0.830078;900;31;0.02
0.0578431;0.942157;900;31;0.03
0.0527344;0.947266;900;31;0.04
0.0771484;0.922852;900;31;0.05
0.054902;0.945098;900;31;0.06
0.00891972;0.99108;900;31;0.07
0.00589391;0.994106;900;31;0.08
0.0390625;0.960938;900;31;0.09
0.106445;0.893555;900;31;0.1
0.389216;0.610784;1000;31;0
0.0996094;0.900391;1000;31;0.01
0.0469208;0.953079;1000;31;0.02
0.0460333;0.953967;1000;31;0.03
0.058651;0.941349;1000;31;0.04
0.00491159;0.995088;1000;31;0.05
0.0441176;0.955882;1000;31;0.06
0.0439453;0.956055;1000;31;0.07
0.130906;0.869094;1000;31;0.08
0.0254902;0.97451;1000;31;0.09
0.100586;0.899414;1000;31;0.1
0.376953;0.623047;1100;31;0
0.0990196;0.90098;1100;31;0.01
0.0361328;0.963867;1100;31;0.02
0.0546875;0.945312;1100;31;0.03
0.0410959;0.958904;1100;31;0.04
0.0400782;0.959922;1100;31;0.05
0.0518591;0.948141;1100;31;0.06
0.0214844;0.978516;1100;31;0.07
0.0751953;0.924805;1100;31;0.08
0.0949119;0.905088;1100;31;0.09
0.0703125;0.929688;1100;31;0.1
0.228516;0.771484;1200;31;0
0.0898438;0.910156;1200;31;0.01
0.131836;0.868164;1200;31;0.02
0.0408774;0.959123;1200;31;0.03
0.0180723;0.981928;1200;31;0.04
0.00195312;0.998047;1200;31;0.05
0.00883219;0.991168;1200;31;0.06
0.0527344;0.947266;1200;31;0.07
0.0205078;0.979492;1200;31;0.08
0.0430528;0.956947;1200;31;0.09
0.0498047;0.950195;1200;31;0.1
0.245357;0.754643;1300;31;0
0.0128079;0.987192;1300;31;0.01
0.0146484;0.985352;1300;31;0.02
0.0224829;0.977517;1300;31;0.03
0.0595703;0.94043;1300;31;0.04
0.0146484;0.985352;1300;31;0.05
0.03125;0.96875;1300;31;0.06
0.0030303;0.99697;1300;31;0.07
0.0284035;0.971596;1300;31;0.08
0.026393;0.973607;1300;31;0.09
0.0618253;0.938175;1300;31;0.1
0.276367;0.723633;1400;31;0
0.0450098;0.95499;1400;31;0.01
0.0862745;0.913725;1400;31;0.02
0.106445;0.893555;1400;31;0.03
0.117188;0.882812;1400;31;0.04
0.0363815;0.963618;1400;31;0.05
0.0830078;0.916992;1400;31;0.06
0.0253906;0.974609;1400;31;0.07
0.036239;0.963761;1400;31;0.08
0.0285152;0.971485;1400;31;0.09
0.00890208;0.991098;1400;31;0.1
0.186706;0.813294;1500;31;0
0.0324484;0.967552;1500;31;0.01
0.0224609;0.977539;1500;31;0.02
0.00488281;0.995117;1500;31;0.03
0.0546875;0.945312;1500;31;0.04
0.0605469;0.939453;1500;31;0.05
0.0264706;0.973529;1500;31;0.06
0.0215686;0.978431;1500;31;0.07
0.03125;0.96875;1500;31;0.08
0.102061;0.897939;1500;31;0.09
0.00798403;0.992016;1500;31;0.1
0.0169133;0.983087;0;32;0
0.0030426;0.996957;0;32;0.01
0.0302734;0.969727;0;32;0.02
0;1;0;32;0.03
0.00684932;0.993151;0;32;0.04
0.00491159;0.995088;0;32;0.05
0.00789734;0.992103;0;32;0.06
0.0192893;0.980711;0;32;0.07
0.0141414;0.985859;0;32;0.08
0.00794439;0.992056;0;32;0.09
0.0479452;0.952055;0;32;0.1
0.201178;0.798822;100;32;0
0.114258;0.885742;100;32;0.01
0.0489237;0.951076;100;32;0.02
0.181641;0.818359;100;32;0.03
0.209961;0.790039;100;32;0.04
0.117011;0.882989;100;32;0.05
0.0948192;0.905181;100;32;0.06
0.134766;0.865234;100;32;0.07
0.115271;0.884729;100;32;0.08
0.236328;0.763672;100;32;0.09
0.112305;0.887695;100;32;0.1
0.30303;0.69697;200;32;0
0.101079;0.898921;200;32;0.01
0.100783;0.899217;200;32;0.02
0.078125;0.921875;200;32;0.03
0.185547;0.814453;200;32;0.04
0.139489;0.860511;200;32;0.05
0.118744;0.881256;200;32;0.06
0.0966797;0.90332;200;32;0.07
0.0947266;0.905273;200;32;0.08
0.0852106;0.914789;200;32;0.09
0.030422;0.969578;200;32;0.1
0.296952;0.703048;300;32;0
0.0966797;0.90332;300;32;0.01
0.0892157;0.910784;300;32;0.02
0.0859375;0.914062;300;32;0.03
0.14565;0.85435;300;32;0.04
0.0753425;0.924658;300;32;0.05
0.0556641;0.944336;300;32;0.06
0.124023;0.875977;300;32;0.07
0.131115;0.868885;300;32;0.08
0.201172;0.798828;300;32;0.09
0.0976562;0.902344;300;32;0.1
0.30936;0.69064;400;32;0
0.054741;0.945259;400;32;0.01
0.0556641;0.944336;400;32;0.02
0.08619;0.91381;400;32;0.03
0.101562;0.898438;400;32;0.04
0.161133;0.838867;400;32;0.05
0.209961;0.790039;400;32;0.06
0.0234375;0.976562;400;32;0.07
0.0595703;0.94043;400;32;0.08
0.0598039;0.940196;400;32;0.09
0.0152439;0.984756;400;32;0.1
0.0751953;0.924805;500;32;0
0.0511308;0.948869;500;32;0.01
0.0244379;0.975562;500;32;0.02
0.144531;0.855469;500;32;0.03
0.0478516;0.952148;500;32;0.04
0.0498047;0.950195;500;32;0.05
0.152344;0.847656;500;32;0.06
0.0615234;0.938477;500;32;0.07
0.077451;0.922549;500;32;0.08
0.0625;0.9375;500;32;0.09
0.0686275;0.931373;500;32;0.1
0.22549;0.77451;600;32;0
0.0199005;0.980099;600;32;0.01
0.0267592;0.973241;600;32;0.02
0.0244141;0.975586;600;32;0.03
0.0452756;0.954724;600;32;0.04
0.0425321;0.957468;600;32;0.05
0.0810547;0.918945;600;32;0.06
0.144531;0.855469;600;32;0.07
0.081854;0.918146;600;32;0.08
0.0869141;0.913086;600;32;0.09
0.103516;0.896484;600;32;0.1
0.283037;0.716963;700;32;0
0.0888672;0.911133;700;32;0.01
0.0342801;0.96572;700;32;0.02
0.0421982;0.957802;700;32;0.03
0.0313112;0.968689;700;32;0.04
0.0434783;0.956522;700;32;0.05
0.0361328;0.963867;700;32;0.06
0.00292969;0.99707;700;32;0.07
0.0410959;0.958904;700;32;0.08
0.0927734;0.907227;700;32;0.09
0.202148;0.797852;700;32;0.1
0.25;0.75;800;32;0
0.0197044;0.980296;800;32;0.01
0.0419922;0.958008;800;32;0.02
0.0556641;0.944336;800;32;0.03
0.0693359;0.930664;800;32;0.04
0.0975369;0.902463;800;32;0.05
0.0440313;0.955969;800;32;0.06
0.0451866;0.954813;800;32;0.07
0.0751953;0.924805;800;32;0.08
0.0362035;0.963796;800;32;0.09
0.0537109;0.946289;800;32;0.1
0.130823;0.869177;900;32;0
0.0371094;0.962891;900;32;0.01
0.0791016;0.920898;900;32;0.02
0.0568071;0.943193;900;32;0.03
0.0332031;0.966797;900;32;0.04
0.0372184;0.962782;900;32;0.05
0.0556641;0.944336;900;32;0.06
0.0421569;0.957843;900;32;0.07
0.0284314;0.971569;900;32;0.08
0.0674487;0.932551;900;32;0.09
0.0463968;0.953603;900;32;0.1
0.13766;0.86234;1000;32;0
0.00878906;0.991211;1000;32;0.01
0.0753425;0.924658;1000;32;0.02
0.101562;0.898438;1000;32;0.03
0.131836;0.868164;1000;32;0.04
0.0898438;0.910156;1000;32;0.05
0.0649606;0.935039;1000;32;0.06
0.0683594;0.931641;1000;32;0.07
0.0226155;0.977384;1000;32;0.08
0.0744048;0.925595;1000;32;0.09
0.12793;0.87207;1000;32;0.1
0.246291;0.753709;1100;32;0
0.0558276;0.944172;1100;32;0.01
0.0878906;0.912109;1100;32;0.02
0.0323213;0.967679;1100;32;0.03
0.0234375;0.976562;1100;32;0.04
0.0479922;0.952008;1100;32;0.05
0.0966797;0.90332;1100;32;0.06
0.0380859;0.961914;1100;32;0.07
0.00787402;0.992126;1100;32;0.08
0.0187377;0.981262;1100;32;0.09
0.026393;0.973607;1100;32;0.1
0.202742;0.797258;1200;32;0
0.0175781;0.982422;1200;32;0.01
0.0537109;0.946289;1200;32;0.02
0.0742188;0.925781;1200;32;0.03
0.00198413;0.998016;1200;32;0.04
0.0244141;0.975586;1200;32;0.05
0.0293255;0.970675;1200;32;0.06
0.0276134;0.972387;1200;32;0.07
0.0196271;0.980373;1200;32;0.08
0.0166016;0.983398;1200;32;0.09
0.0507812;0.949219;1200;32;0.1
0.348974;0.651026;1300;32;0
0.0546875;0.945312;1300;32;0.01
0.0607843;0.939216;1300;32;0.02
0.0576172;0.942383;1300;32;0.03
0.043095;0.956905;1300;32;0.04
0.0462598;0.95374;1300;32;0.05
0.0927734;0.907227;1300;32;0.06
0.0195695;0.980431;1300;32;0.07
0.0419922;0.958008;1300;32;0.08
0.0322266;0.967773;1300;32;0.09
0.0403941;0.959606;1300;32;0.1
0.358472;0.641528;1400;32;0
0.09375;0.90625;1400;32;0.01
0.0257426;0.974257;1400;32;0.02
0.0285152;0.971485;1400;32;0.03
0.0117878;0.988212;1400;32;0.04
0.046875;0.953125;1400;32;0.05
0.0481809;0.951819;1400;32;0.06
0.0406343;0.959366;1400;32;0.07
0.0314033;0.968597;1400;32;0.08
0.0127576;0.987242;1400;32;0.09
0.0224609;0.977539;1400;32;0.1
0.245805;0.754195;1500;32;0
0.0392157;0.960784;1500;32;0.01
0.0859375;0.914062;1500;32;0.02
0.119141;0.880859;1500;32;0.03
0.0498534;0.950147;1500;32;0.04
0.03125;0.96875;1500;32;0.05
0.00792079;0.992079;1500;32;0.06
0.0214844;0.978516;1500;32;0.07
0.020649;0.979351;1500;32;0.08
0.09375;0.90625;1500;32;0.09
0.0180542;0.981946;1500;32;0.1
0.146771;0.853229;0;33;0
0.0364532;0.963547;0;33;0.01
0.0235756;0.976424;0;33;0.02
0.00880626;0.991194;0;33;0.03
0.00900901;0.990991;0;33;0.04
0.0205479;0.979452;0;33;0.05
0.0323847;0.967615;0;33;0.06
0.0449219;0.955078;0;33;0.07
0.0478516;0.952148;0;33;0.08
0.0343137;0.965686;0;33;0.09
0.0107949;0.989205;0;33;0.1
0.436399;0.563601;100;33;0
0.228516;0.771484;100;33;0.01
0.180569;0.819431;100;33;0.02
0.173828;0.826172;100;33;0.03
0.298828;0.701172;100;33;0.04
0.0765408;0.923459;100;33;0.05
0.0986328;0.901367;100;33;0.06
0.0323232;0.967677;100;33;0.07
0.0615234;0.938477;100;33;0.08
0.139648;0.860352;100;33;0.09
0.0849609;0.915039;100;33;0.1
0.23161;0.76839;200;33;0
0.124023;0.875977;200;33;0.01
0.125977;0.874023;200;33;0.02
0.103718;0.896282;200;33;0.03
0.0705882;0.929412;200;33;0.04
0.154297;0.845703;200;33;0.05
0.208008;0.791992;200;33;0.06
0.0820312;0.917969;200;33;0.07
0.146484;0.853516;200;33;0.08
0.259766;0.740234;200;33;0.09
0.0722656;0.927734;200;33;0.1
0.337573;0.662427;300;33;0
0.0507812;0.949219;300;33;0.01
0.169922;0.830078;300;33;0.02
0.125245;0.874755;300;33;0.03
0.0830078;0.916992;300;33;0.04
0.0316832;0.968317;300;33;0.05
0.0371094;0.962891;300;33;0.06
0.0503455;0.949655;300;33;0.07
0.0568071;0.943193;300;33;0.08
0.185547;0.814453;300;33;0.09
0.0458984;0.954102;300;33;0.1
0.368164;0.631836;400;33;0
0.168945;0.831055;400;33;0.01
0.0263672;0.973633;400;33;0.02
0.0751953;0.924805;400;33;0.03
0.0107949;0.989205;400;33;0.04
0.0634766;0.936523;400;33;0.05
0.0224609;0.977539;400;33;0.06
0.0214844;0.978516;400;33;0.07
0.109696;0.890304;400;33;0.08
0.0976562;0.902344;400;33;0.09
0.061886;0.938114;400;33;0.1
0.211765;0.788235;500;33;0
0.0693359;0.930664;500;33;0.01
0.0900196;0.90998;500;33;0.02
0.138672;0.861328;500;33;0.03
0.114625;0.885375;500;33;0.04
0.112305;0.887695;500;33;0.05
0.12047;0.87953;500;33;0.06
0.0966797;0.90332;500;33;0.07
0.15918;0.84082;500;33;0.08
0.0703125;0.929688;500;33;0.09
0.0335637;0.966436;500;33;0.1
0.208251;0.791749;600;33;0
0.131965;0.868035;600;33;0.01
0.0544355;0.945565;600;33;0.02
0.0276407;0.972359;600;33;0.03
0.0351562;0.964844;600;33;0.04
0.0585938;0.941406;600;33;0.05
0.119141;0.880859;600;33;0.06
0.0430108;0.956989;600;33;0.07
0.0634766;0.936523;600;33;0.08
0.00683594;0.993164;600;33;0.09
0.127576;0.872424;600;33;0.1
0.188177;0.811823;700;33;0
0.0136852;0.986315;700;33;0.01
0.0315582;0.968442;700;33;0.02
0.00196464;0.998035;700;33;0.03
0.0527344;0.947266;700;33;0.04
0.00488281;0.995117;700;33;0.05
0.0556641;0.944336;700;33;0.06
0.0126953;0.987305;700;33;0.07
0.0322266;0.967773;700;33;0.08
0.0568627;0.943137;700;33;0.09
0.0150451;0.984955;700;33;0.1
0.168462;0.831538;800;33;0
0.0361328;0.963867;800;33;0.01
0.0588235;0.941176;800;33;0.02
0.0419922;0.958008;800;33;0.03
0.108398;0.891602;800;33;0.04
0.0908203;0.90918;800;33;0.05
0.0405941;0.959406;800;33;0.06
0.00585938;0.994141;800;33;0.07
0.0403543;0.959646;800;33;0.08
0.0595703;0.94043;800;33;0.09
0.0634766;0.936523;800;33;0.1
0.328417;0.671583;900;33;0
0.0420332;0.957967;900;33;0.01
0.0761719;0.923828;900;33;0.02
0.0225269;0.977473;900;33;0.03
0.0292969;0.970703;900;33;0.04
0.0187008;0.981299;900;33;0.05
0.0576172;0.942383;900;33;0.06
0.107422;0.892578;900;33;0.07
0.0928641;0.907136;900;33;0.08
0.0237859;0.976214;900;33;0.09
0.0373648;0.962635;900;33;0.1
0.147379;0.852621;1000;33;0
0.0585938;0.941406;1000;33;0.01
0.0129482;0.987052;1000;33;0.02
0.0987292;0.901271;1000;33;0.03
0.0956607;0.904339;1000;33;0.04
0.0533597;0.94664;1000;33;0.05
0.0403543;0.959646;1000;33;0.06
0.0644531;0.935547;1000;33;0.07
0.0557185;0.944282;1000;33;0.08
0.0458984;0.954102;1000;33;0.09
0.0400391;0.959961;1000;33;0.1
0.380859;0.619141;1100;33;0
0.189453;0.810547;1100;33;0.01
0.0634766;0.936523;1100;33;0.02
0.024558;0.975442;1100;33;0.03
0.0205882;0.979412;1100;33;0.04
0.0433925;0.956608;1100;33;0.05
0.00588235;0.994118;1100;33;0.06
0.0255906;0.974409;1100;33;0.07
0.0226824;0.977318;1100;33;0.08
0.0544016;0.945598;1100;33;0.09
0.0423645;0.957635;1100;33;0.1
0.121635;0.878365;1200;33;0
0.030303;0.969697;1200;33;0.01
0.021611;0.978389;1200;33;0.02
0.0166016;0.983398;1200;33;0.03
0.0508309;0.949169;1200;33;0.04
0.0566406;0.943359;1200;33;0.05
0.0615234;0.938477;1200;33;0.06
0.0585938;0.941406;1200;33;0.07
0.078125;0.921875;1200;33;0.08
0.0478983;0.952102;1200;33;0.09
0.000978474;0.999022;1200;33;0.1
0.104492;0.895508;1300;33;0
0.115234;0.884766;1300;33;0.01
0.0337637;0.966236;1300;33;0.02
0.0449219;0.955078;1300;33;0.03
0.0517578;0.948242;1300;33;0.04
0.0572557;0.942744;1300;33;0.05
0.0306324;0.969368;1300;33;0.06
0.0458984;0.954102;1300;33;0.07
0.0292969;0.970703;1300;33;0.08
0.0546875;0.945312;1300;33;0.09
0.0341797;0.96582;1300;33;0.1
0.317383;0.682617;1400;33;0
0.0638507;0.936149;1400;33;0.01
0.0693359;0.930664;1400;33;0.02
0.170898;0.829102;1400;33;0.03
0.121094;0.878906;1400;33;0.04
0.0421156;0.957884;1400;33;0.05
0.107073;0.892927;1400;33;0.06
0.0655577;0.934442;1400;33;0.07
0.0117647;0.988235;1400;33;0.08
0.0108055;0.989195;1400;33;0.09
0.0294695;0.97053;1400;33;0.1
0.139079;0.860921;1500;33;0
0.000976562;0.999023;1500;33;0.01
0.058651;0.941349;1500;33;0.02
0.054902;0.945098;1500;33;0.03
0.0634766;0.936523;1500;33;0.04
0.0390625;0.960938;1500;33;0.05
0.0224609;0.977539;1500;33;0.06
0.00502513;0.994975;1500;33;0.07
0.0605469;0.939453;1500;33;0.08
0.046875;0.953125;1500;33;0.09
0.0234375;0.976562;1500;33;0.1
