0.230997;0.769003;0;34;0
0.037182;0.962818;0;34;0.01
0.0341797;0.96582;0;34;0.02
0.0372549;0.962745;0;34;0.03
0.0234375;0.976562;0;34;0.04
0.00983284;0.990167;0;34;0.05
0.0712891;0.928711;0;34;0.06
0.0474308;0.952569;0;34;0.07
0.0556641;0.944336;0;34;0.08
0.0245821;0.975418;0;34;0.09
0.0703125;0.929688;0;34;0.1
0.270508;0.729492;100;34;0
0.115234;0.884766;100;34;0.01
0.0683594;0.931641;100;34;0.02
0.180664;0.819336;100;34;0.03
0.161133;0.838867;100;34;0.04
0.0762463;0.923754;100;34;0.05
0.121094;0.878906;100;34;0.06
0.186523;0.813477;100;34;0.07
0.144531;0.855469;100;34;0.08
0.407227;0.592773;100;34;0.09
0.21582;0.78418;100;34;0.1
0.371094;0.628906;200;34;0
0.207031;0.792969;200;34;0.01
0.173828;0.826172;200;34;0.02
0.116601;0.883399;200;34;0.03
0.0970588;0.902941;200;34;0.04
0.0529412;0.947059;200;34;0.05
0.119141;0.880859;200;34;0.06
0.234375;0.765625;200;34;0.07
0.169922;0.830078;200;34;0.08
0.0175781;0.982422;200;34;0.09
0.0351562;0.964844;200;34;0.1
0.374023;0.625977;300;34;0
0.193137;0.806863;300;34;0.01
0.0616438;0.938356;300;34;0.02
0.167969;0.832031;300;34;0.03
0.180841;0.819159;300;34;0.04
0.123047;0.876953;300;34;0.05
0.170898;0.829102;300;34;0.06
0.0371094;0.962891;300;34;0.07
0.138672;0.861328;300;34;0.08
0.201172;0.798828;300;34;0.09
0.110352;0.889648;300;34;0.1
0.304519;0.695481;400;34;0
0.143555;0.856445;400;34;0.01
0.12793;0.87207;400;34;0.02
0.0626223;0.937378;400;34;0.03
0.095098;0.904902;400;34;0.04
0.0402355;0.959764;400;34;0.05
0.0478983;0.952102;400;34;0.06
0.142578;0.857422;400;34;0.07
0.112305;0.887695;400;34;0.08
0.119725;0.880275;400;34;0.09
0.115234;0.884766;400;34;0.1
0.173828;0.826172;500;34;0
0.10609;0.89391;500;34;0.01
0.0507812;0.949219;500;34;0.02
0.0478516;0.952148;500;34;0.03
0.0732422;0.926758;500;34;0.04
0.110893;0.889107;500;34;0.05
0.126347;0.873653;500;34;0.06
0.161133;0.838867;500;34;0.07
0.126953;0.873047;500;34;0.08
0.212891;0.787109;500;34;0.09
0.0927734;0.907227;500;34;0.1
0.251479;0.748521;600;34;0
0.0800781;0.919922;600;34;0.01
0.0197433;0.980257;600;34;0.02
0.0527344;0.947266;600;34;0.03
0.0521141;0.947886;600;34;0.04
0.0274241;0.972576;600;34;0.05
0.113392;0.886608;600;34;0.06
0.0346192;0.965381;600;34;0.07
0.0117188;0.988281;600;34;0.08
0.046875;0.953125;600;34;0.09
0.0664062;0.933594;600;34;0.1
0.171875;0.828125;700;34;0
0.0800781;0.919922;700;34;0.01
0.0400391;0.959961;700;34;0.02
0.140625;0.859375;700;34;0.03
0.241211;0.758789;700;34;0.04
0.106654;0.893346;700;34;0.05
0.0147493;0.985251;700;34;0.06
0.0625;0.9375;700;34;0.07
0.0869141;0.913086;700;34;0.08
0.0820312;0.917969;700;34;0.09
0.119141;0.880859;700;34;0.1
0.294118;0.705882;800;34;0
0.0176125;0.982387;800;34;0.01
0.0664062;0.933594;800;34;0.02
0.0343137;0.965686;800;34;0.03
0.0986328;0.901367;800;34;0.04
0.144531;0.855469;800;34;0.05
0.0413386;0.958661;800;34;0.06
0.046875;0.953125;800;34;0.07
0.0800781;0.919922;800;34;0.08
0.0520118;0.947988;800;34;0.09
0.0654297;0.93457;800;34;0.1
0.21;0.79;900;34;0
0.03125;0.96875;900;34;0.01
0.110352;0.889648;900;34;0.02
0.163086;0.836914;900;34;0.03
0.0686275;0.931373;900;34;0.04
0.0400782;0.959922;900;34;0.05
0.0157171;0.984283;900;34;0.06
0.0175781;0.982422;900;34;0.07
0.0882353;0.911765;900;34;0.08
0.0380859;0.961914;900;34;0.09
0.0410557;0.958944;900;34;0.1
0.30336;0.69664;1000;34;0
0.0478516;0.952148;1000;34;0.01
0.0751953;0.924805;1000;34;0.02
0.0671273;0.932873;1000;34;0.03
0.0442478;0.955752;1000;34;0.04
0.0071066;0.992893;1000;34;0.05
0.0342801;0.96572;1000;34;0.06
0.0508806;0.949119;1000;34;0.07
0.0986328;0.901367;1000;34;0.08
0.0664062;0.933594;1000;34;0.09
0.0751953;0.924805;1000;34;0.1
0.162376;0.837624;1100;34;0
0.0433925;0.956608;1100;34;0.01
0.0362035;0.963796;1100;34;0.02
0.03125;0.96875;1100;34;0.03
0.0287129;0.971287;1100;34;0.04
0.0336634;0.966337;1100;34;0.05
0.0215898;0.97841;1100;34;0.06
0.0489237;0.951076;1100;34;0.07
0.0292969;0.970703;1100;34;0.08
0.0166016;0.983398;1100;34;0.09
0.0746562;0.925344;1100;34;0.1
0.308594;0.691406;1200;34;0
0.0871694;0.912831;1200;34;0.01
0.015625;0.984375;1200;34;0.02
0.0576172;0.942383;1200;34;0.03
0.0157947;0.984205;1200;34;0.04
0.0147493;0.985251;1200;34;0.05
0.0507812;0.949219;1200;34;0.06
0.0400391;0.959961;1200;34;0.07
0.023;0.977;1200;34;0.08
0.0283757;0.971624;1200;34;0.09
0.0615234;0.938477;1200;34;0.1
0.170213;0.829787;1300;34;0
0.0176817;0.982318;1300;34;0.01
0.0527344;0.947266;1300;34;0.02
0.0654297;0.93457;1300;34;0.03
0.0412169;0.958783;1300;34;0.04
0.0502959;0.949704;1300;34;0.05
0.0732422;0.926758;1300;34;0.06
0.0216323;0.978368;1300;34;0.07
0.0499022;0.950098;1300;34;0.08
0.0763957;0.923604;1300;34;0.09
0.0472906;0.952709;1300;34;0.1
0.174805;0.825195;1400;34;0
0.0295567;0.970443;1400;34;0.01
0.0185547;0.981445;1400;34;0.02
0.0380859;0.961914;1400;34;0.03
0.0429688;0.957031;1400;34;0.04
0.0217391;0.978261;1400;34;0.05
0.0146484;0.985352;1400;34;0.06
0.00396825;0.996032;1400;34;0.07
0.0363815;0.963618;1400;34;0.08
0.0225049;0.977495;1400;34;0.09
0.026601;0.973399;1400;34;0.1
0.34668;0.65332;1500;34;0
0.0976562;0.902344;1500;34;0.01
0.0423228;0.957677;1500;34;0.02
0.0273973;0.972603;1500;34;0.03
0.0591716;0.940828;1500;34;0.04
0.139648;0.860352;1500;34;0.05
0.0334008;0.966599;1500;34;0.06
0.0254403;0.97456;1500;34;0.07
0.0332031;0.966797;1500;34;0.08
0.000977517;0.999022;1500;34;0.09
0.0712891;0.928711;1500;34;0.1
0.221457;0.778543;0;35;0
0.121331;0.878669;0;35;0.01
0.0215686;0.978431;0;35;0.02
0.03125;0.96875;0;35;0.03
0.0401174;0.959883;0;35;0.04
0.0927734;0.907227;0;35;0.05
0.00976562;0.990234;0;35;0.06
0.0458984;0.954102;0;35;0.07
0.0556641;0.944336;0;35;0.08
0.0294985;0.970501;0;35;0.09
0.0175953;0.982405;0;35;0.1
0.246094;0.753906;100;35;0
0.127953;0.872047;100;35;0.01
0.172852;0.827148;100;35;0.02
0.187008;0.812992;100;35;0.03
0.0654113;0.934589;100;35;0.04
0.180664;0.819336;100;35;0.05
0.158203;0.841797;100;35;0.06
0.127219;0.872781;100;35;0.07
0.0878906;0.912109;100;35;0.08
0.193928;0.806072;100;35;0.09
0.239258;0.760742;100;35;0.1
0.314453;0.685547;200;35;0
0.240234;0.759766;200;35;0.01
0.271484;0.728516;200;35;0.02
0.0371457;0.962854;200;35;0.03
0.0492611;0.950739;200;35;0.04
0.0878906;0.912109;200;35;0.05
0.119141;0.880859;200;35;0.06
0.150391;0.849609;200;35;0.07
0.0595703;0.94043;200;35;0.08
0.085044;0.914956;200;35;0.09
0.0976562;0.902344;200;35;0.1
0.326772;0.673228;300;35;0
0.0761719;0.923828;300;35;0.01
0.085044;0.914956;300;35;0.02
0.107422;0.892578;300;35;0.03
0.112305;0.887695;300;35;0.04
0.119141;0.880859;300;35;0.05
0.106445;0.893555;300;35;0.06
0.169922;0.830078;300;35;0.07
0.0888672;0.911133;300;35;0.08
0.0267062;0.973294;300;35;0.09
0.0245821;0.975418;300;35;0.1
0.223108;0.776892;400;35;0
0.0303624;0.969638;400;35;0.01
0.0732422;0.926758;400;35;0.02
0.106654;0.893346;400;35;0.03
0.133789;0.866211;400;35;0.04
0.142578;0.857422;400;35;0.05
0.046875;0.953125;400;35;0.06
0.0322266;0.967773;400;35;0.07
0.115234;0.884766;400;35;0.08
0.0571429;0.942857;400;35;0.09
0.0226601;0.97734;400;35;0.1
0.270669;0.729331;500;35;0
0.0625;0.9375;500;35;0.01
0.046875;0.953125;500;35;0.02
0.0578999;0.9421;500;35;0.03
0.0127077;0.987292;500;35;0.04
0.0694716;0.930528;500;35;0.05
0.0986328;0.901367;500;35;0.06
0.0214844;0.978516;500;35;0.07
0.0722656;0.927734;500;35;0.08
0.0800781;0.919922;500;35;0.09
0.0898438;0.910156;500;35;0.1
0.296875;0.703125;600;35;0
0.0970588;0.902941;600;35;0.01
0.0810547;0.918945;600;35;0.02
0.0654297;0.93457;600;35;0.03
0.0732422;0.926758;600;35;0.04
0.0253906;0.974609;600;35;0.05
0.0274779;0.972522;600;35;0.06
0.0445545;0.955446;600;35;0.07
0.0509305;0.94907;600;35;0.08
0.0333007;0.966699;600;35;0.09
0.0537109;0.946289;600;35;0.1
0.278818;0.721182;700;35;0
0.0159204;0.98408;700;35;0.01
0.0644531;0.935547;700;35;0.02
0.0712891;0.928711;700;35;0.03
0.0264188;0.973581;700;35;0.04
0.0498047;0.950195;700;35;0.05
0.0478516;0.952148;700;35;0.06
0.0423228;0.957677;700;35;0.07
0.0374384;0.962562;700;35;0.08
0.00394477;0.996055;700;35;0.09
0.0158259;0.984174;700;35;0.1
0.150391;0.849609;800;35;0
0.1158;0.8842;800;35;0.01
0.0419922;0.958008;800;35;0.02
0.0517578;0.948242;800;35;0.03
0.267578;0.732422;800;35;0.04
0.0508309;0.949169;800;35;0.05
0.0226155;0.977384;800;35;0.06
0.0692384;0.930762;800;35;0.07
0.0909091;0.909091;800;35;0.08
0.0791016;0.920898;800;35;0.09
0.046169;0.953831;800;35;0.1
0.286413;0.713587;900;35;0
0.104492;0.895508;900;35;0.01
0.0228856;0.977114;900;35;0.02
0.00986193;0.990138;900;35;0.03
0.0127202;0.98728;900;35;0.04
0.0620079;0.937992;900;35;0.05
0.0704501;0.92955;900;35;0.06
0.0899316;0.910068;900;35;0.07
0.103516;0.896484;900;35;0.08
0.0752475;0.924752;900;35;0.09
0.0345508;0.965449;900;35;0.1
0.214917;0.785083;1000;35;0
0.101562;0.898438;1000;35;0.01
0.0920666;0.907933;1000;35;0.02
0.0334975;0.966502;1000;35;0.03
0.0263672;0.973633;1000;35;0.04
0.013739;0.986261;1000;35;0.05
0.00790514;0.992095;1000;35;0.06
0.0224609;0.977539;1000;35;0.07
0.0498047;0.950195;1000;35;0.08
0.0898438;0.910156;1000;35;0.09
0.0374753;0.962525;1000;35;0.1
0.201183;0.798817;1100;35;0
0.0646425;0.935358;1100;35;0.01
0.0459433;0.954057;1100;35;0.02
0.0485149;0.951485;1100;35;0.03
0.0410156;0.958984;1100;35;0.04
0.0644531;0.935547;1100;35;0.05
0.0215054;0.978495;1100;35;0.06
0.0400391;0.959961;1100;35;0.07
0.0327381;0.967262;1100;35;0.08
0.12207;0.87793;1100;35;0.09
0.0371094;0.962891;1100;35;0.1
0.271484;0.728516;1200;35;0
0.0547945;0.945205;1200;35;0.01
0.0684932;0.931507;1200;35;0.02
0.015625;0.984375;1200;35;0.03
0.0156556;0.984344;1200;35;0.04
0.0615234;0.938477;1200;35;0.05
0.0908203;0.90918;1200;35;0.06
0.0341797;0.96582;1200;35;0.07
0.108398;0.891602;1200;35;0.08
0.0849609;0.915039;1200;35;0.09
0.0488281;0.951172;1200;35;0.1
0.178606;0.821394;1300;35;0
0.00794439;0.992056;1300;35;0.01
0.00196078;0.998039;1300;35;0.02
0.0463511;0.953649;1300;35;0.03
0.103042;0.896958;1300;35;0.04
0.0302734;0.969727;1300;35;0.05
0.0439453;0.956055;1300;35;0.06
0.0187747;0.981225;1300;35;0.07
0.0556641;0.944336;1300;35;0.08
0.0800781;0.919922;1300;35;0.09
0.0656219;0.934378;1300;35;0.1
0.15727;0.84273;1400;35;0
0.0384236;0.961576;1400;35;0.01
0;1;1400;35;0.02
0.0156863;0.984314;1400;35;0.03
0.0341797;0.96582;1400;35;0.04
0.0603363;0.939664;1400;35;0.05
0.0585938;0.941406;1400;35;0.06
0.013986;0.986014;1400;35;0.07
0.0156556;0.984344;1400;35;0.08
0.005923;0.994077;1400;35;0.09
0.0546875;0.945312;1400;35;0.1
0.308145;0.691855;1500;35;0
0.0371094;0.962891;1500;35;0.01
0.0898438;0.910156;1500;35;0.02
0.12207;0.87793;1500;35;0.03
0.0400391;0.959961;1500;35;0.04
0.0020202;0.99798;1500;35;0.05
0.0712891;0.928711;1500;35;0.06
0.045098;0.954902;1500;35;0.07
0.0244618;0.975538;1500;35;0.08
0.0234604;0.97654;1500;35;0.09
0.0996094;0.900391;1500;35;0.1
0.339216;0.660784;0;36;0
0.0830078;0.916992;0;36;0.01
0.0390625;0.960938;0;36;0.02
0.0323847;0.967615;0;36;0.03
0.0478516;0.952148;0;36;0.04
0.0248262;0.975174;0;36;0.05
0.025641;0.974359;0;36;0.06
0.00695134;0.993049;0;36;0.07
0.00195886;0.998041;0;36;0.08
0;1;0;36;0.09
0.0449658;0.955034;0;36;0.1
0.354839;0.645161;100;36;0
0.287109;0.712891;100;36;0.01
0.119141;0.880859;100;36;0.02
0.113281;0.886719;100;36;0.03
0.0598039;0.940196;100;36;0.04
0.141602;0.858398;100;36;0.05
0.189216;0.810784;100;36;0.06
0.046875;0.953125;100;36;0.07
0.143555;0.856445;100;36;0.08
0.185658;0.814342;100;36;0.09
0.149414;0.850586;100;36;0.1
0.237721;0.762279;200;36;0
0.136719;0.863281;200;36;0.01
0.0821782;0.917822;200;36;0.02
0.0332031;0.966797;200;36;0.03
0.149414;0.850586;200;36;0.04
0.0794897;0.92051;200;36;0.05
0.147461;0.852539;200;36;0.06
0.079803;0.920197;200;36;0.07
0.138672;0.861328;200;36;0.08
0.166016;0.833984;200;36;0.09
0.0888672;0.911133;200;36;0.1
0.34668;0.65332;300;36;0
0.0742188;0.925781;300;36;0.01
0.0742188;0.925781;300;36;0.02
0.0588813;0.941119;300;36;0.03
0.132812;0.867188;300;36;0.04
0.141602;0.858398;300;36;0.05
0.0849609;0.915039;300;36;0.06
0.217009;0.782991;300;36;0.07
0.200195;0.799805;300;36;0.08
0.169922;0.830078;300;36;0.09
0.282227;0.717773;300;36;0.1
0.302734;0.697266;400;36;0
0.0958904;0.90411;400;36;0.01
0.0820312;0.917969;400;36;0.02
0.144531;0.855469;400;36;0.03
0.0722656;0.927734;400;36;0.04
0.0527344;0.947266;400;36;0.05
0.0253906;0.974609;400;36;0.06
0.0185547;0.981445;400;36;0.07
0.0585938;0.941406;400;36;0.08
0.184932;0.815068;400;36;0.09
0.0693359;0.930664;400;36;0.1
0.266208;0.733792;500;36;0
0.0703125;0.929688;500;36;0.01
0.0214844;0.978516;500;36;0.02
0.0332031;0.966797;500;36;0.03
0.074364;0.925636;500;36;0.04
0.114258;0.885742;500;36;0.05
0.0325765;0.967423;500;36;0.06
0.0546875;0.945312;500;36;0.07
0.100586;0.899414;500;36;0.08
0.118164;0.881836;500;36;0.09
0.0733138;0.926686;500;36;0.1
0.305284;0.694716;600;36;0
0.092955;0.907045;600;36;0.01
0.103516;0.896484;600;36;0.02
0.0853778;0.914622;600;36;0.03
0.121094;0.878906;600;36;0.04
0.0732422;0.926758;600;36;0.05
0.0576172;0.942383;600;36;0.06
0.0488281;0.951172;600;36;0.07
0.070936;0.929064;600;36;0.08
0.0410557;0.958944;600;36;0.09
0.0625;0.9375;600;36;0.1
0.302941;0.697059;700;36;0
0.0566406;0.943359;700;36;0.01
0.0224609;0.977539;700;36;0.02
0.115234;0.884766;700;36;0.03
0.0126953;0.987305;700;36;0.04
0.0351562;0.964844;700;36;0.05
0.0733855;0.926614;700;36;0.06
0.0431796;0.95682;700;36;0.07
0.0939335;0.906067;700;36;0.08
0.104492;0.895508;700;36;0.09
0.0849609;0.915039;700;36;0.1
0.300098;0.699902;800;36;0
0.0595703;0.94043;800;36;0.01
0.0853778;0.914622;800;36;0.02
0.0410156;0.958984;800;36;0.03
0.0566406;0.943359;800;36;0.04
0.072549;0.927451;800;36;0.05
0.163086;0.836914;800;36;0.06
0.0977517;0.902248;800;36;0.07
0.0107422;0.989258;800;36;0.08
0.0458984;0.954102;800;36;0.09
0.0196464;0.980354;800;36;0.1
0.22332;0.77668;900;36;0
0.026393;0.973607;900;36;0.01
0.0537634;0.946237;900;36;0.02
0.150391;0.849609;900;36;0.03
0.0849609;0.915039;900;36;0.04
0.0986328;0.901367;900;36;0.05
0.0322266;0.967773;900;36;0.06
0.0371094;0.962891;900;36;0.07
0.167969;0.832031;900;36;0.08
0.0664062;0.933594;900;36;0.09
0.0296736;0.970326;900;36;0.1
0.197408;0.802592;1000;36;0
0.0391007;0.960899;1000;36;0.01
0.0498047;0.950195;1000;36;0.02
0.0382353;0.961765;1000;36;0.03
0.058651;0.941349;1000;36;0.04
0.0236686;0.976331;1000;36;0.05
0.0507812;0.949219;1000;36;0.06
0.0761719;0.923828;1000;36;0.07
0.104799;0.895201;1000;36;0.08
0.0654297;0.93457;1000;36;0.09
0.0147929;0.985207;1000;36;0.1
0.17387;0.82613;1100;36;0
0.0198413;0.980159;1100;36;0.01
0.0646425;0.935358;1100;36;0.02
0.0927734;0.907227;1100;36;0.03
0.0839844;0.916016;1100;36;0.04
0.117188;0.882812;1100;36;0.05
0.0235294;0.976471;1100;36;0.06
0.0722656;0.927734;1100;36;0.07
0.0302734;0.969727;1100;36;0.08
0.0947266;0.905273;1100;36;0.09
0.0332031;0.966797;1100;36;0.1
0.219246;0.780754;1200;36;0
0.0507812;0.949219;1200;36;0.01
0.0517578;0.948242;1200;36;0.02
0.0372184;0.962782;1200;36;0.03
0.0742188;0.925781;1200;36;0.04
0.101562;0.898438;1200;36;0.05
0.0129225;0.987078;1200;36;0.06
0.0166016;0.983398;1200;36;0.07
0.0576172;0.942383;1200;36;0.08
0.0322266;0.967773;1200;36;0.09
0.0469667;0.953033;1200;36;0.1
0.324219;0.675781;1300;36;0
0.0384236;0.961576;1300;36;0.01
0.00105042;0.99895;1300;36;0.02
0.00303337;0.996967;1300;36;0.03
0.0322266;0.967773;1300;36;0.04
0.0605469;0.939453;1300;36;0.05
0.0421156;0.957884;1300;36;0.06
0.0439453;0.956055;1300;36;0.07
0.115234;0.884766;1300;36;0.08
0.0585938;0.941406;1300;36;0.09
0.0627451;0.937255;1300;36;0.1
0.241379;0.758621;1400;36;0
0.0214844;0.978516;1400;36;0.01
0.0566406;0.943359;1400;36;0.02
0.0873405;0.912659;1400;36;0.03
0.0957031;0.904297;1400;36;0.04
0.115234;0.884766;1400;36;0.05
0.0947266;0.905273;1400;36;0.06
0.0717797;0.92822;1400;36;0.07
0.0449219;0.955078;1400;36;0.08
0.047619;0.952381;1400;36;0.09
0.013739;0.986261;1400;36;0.1
0.180664;0.819336;1500;36;0
0.125245;0.874755;1500;36;0.01
0.0625;0.9375;1500;36;0.02
0.00787402;0.992126;1500;36;0.03
0.015748;0.984252;1500;36;0.04
0.0302734;0.969727;1500;36;0.05
0.0810547;0.918945;1500;36;0.06
0.035225;0.964775;1500;36;0.07
0.0273973;0.972603;1500;36;0.08
0.00294406;0.997056;1500;36;0.09
0.0332031;0.966797;1500;36;0.1
0.182446;0.817554;0;37;0
0.0302734;0.969727;0;37;0.01
0.0273705;0.97263;0;37;0.02
0.0458984;0.954102;0;37;0.03
0.0205279;0.979472;0;37;0.04
0.0558276;0.944172;0;37;0.05
0.013739;0.986261;0;37;0.06
0;1;0;37;0.07
0.0644531;0.935547;0;37;0.08
0.0488759;0.951124;0;37;0.09
0.0119048;0.988095;0;37;0.1
0.236328;0.763672;100;37;0
0.0979432;0.902057;100;37;0.01
0.147461;0.852539;100;37;0.02
0.100586;0.899414;100;37;0.03
0.034965;0.965035;100;37;0.04
0.0800781;0.919922;100;37;0.05
0.0597015;0.940298;100;37;0.06
0.0588813;0.941119;100;37;0.07
0.231445;0.768555;100;37;0.08
0.0834151;0.916585;100;37;0.09
0.0605469;0.939453;100;37;0.1
0.135742;0.864258;200;37;0
0.0820312;0.917969;200;37;0.01
0.163086;0.836914;200;37;0.02
0.0791789;0.920821;200;37;0.03
0.106445;0.893555;200;37;0.04
0.203125;0.796875;200;37;0.05
0.15625;0.84375;200;37;0.06
0.114258;0.885742;200;37;0.07
0.161133;0.838867;200;37;0.08
0.164062;0.835938;200;37;0.09
0.107422;0.892578;200;37;0.1
0.345168;0.654832;300;37;0
0.120117;0.879883;300;37;0.01
0.0869141;0.913086;300;37;0.02
0.185547;0.814453;300;37;0.03
0.028348;0.971652;300;37;0.04
0.0820312;0.917969;300;37;0.05
0.0273705;0.97263;300;37;0.06
0.0830078;0.916992;300;37;0.07
0.0696078;0.930392;300;37;0.08
0.166016;0.833984;300;37;0.09
0.148438;0.851562;300;37;0.1
0.216055;0.783944;400;37;0
0.035503;0.964497;400;37;0.01
0.0244858;0.975514;400;37;0.02
0.0635386;0.936461;400;37;0.03
0.141602;0.858398;400;37;0.04
0.184751;0.815249;400;37;0.05
0.18457;0.81543;400;37;0.06
0.0458984;0.954102;400;37;0.07
0.131836;0.868164;400;37;0.08
0.116552;0.883448;400;37;0.09
0.0961727;0.903827;400;37;0.1
0.348768;0.651232;500;37;0
0.239258;0.760742;500;37;0.01
0.138672;0.861328;500;37;0.02
0.0839844;0.916016;500;37;0.03
0.0888672;0.911133;500;37;0.04
0.0957031;0.904297;500;37;0.05
0.103516;0.896484;500;37;0.06
0.118164;0.881836;500;37;0.07
0.0546875;0.945312;500;37;0.08
0.107422;0.892578;500;37;0.09
0.125737;0.874263;500;37;0.1
0.314453;0.685547;600;37;0
0.0449219;0.955078;600;37;0.01
0.0664024;0.933598;600;37;0.02
0.0380859;0.961914;600;37;0.03
0.083089;0.916911;600;37;0.04
0.0976562;0.902344;600;37;0.05
0.064833;0.935167;600;37;0.06
0.0458984;0.954102;600;37;0.07
0.0566406;0.943359;600;37;0.08
0.064833;0.935167;600;37;0.09
0.074364;0.925636;600;37;0.1
0.260742;0.739258;700;37;0
0.131836;0.868164;700;37;0.01
0.150391;0.849609;700;37;0.02
0.0537109;0.946289;700;37;0.03
0.0938416;0.906158;700;37;0.04
0.0178042;0.982196;700;37;0.05
0.0693359;0.930664;700;37;0.06
0.124023;0.875977;700;37;0.07
0.00503018;0.99497;700;37;0.08
0.015625;0.984375;700;37;0.09
0.15;0.85;700;37;0.1
0.142433;0.857567;800;37;0
0.0283203;0.97168;800;37;0.01
0.0957031;0.904297;800;37;0.02
0.00594059;0.994059;800;37;0.03
0.0449219;0.955078;800;37;0.04
0.0225269;0.977473;800;37;0.05
0.03125;0.96875;800;37;0.06
0.0685602;0.93144;800;37;0.07
0.0205882;0.979412;800;37;0.08
0.0488281;0.951172;800;37;0.09
0.0878906;0.912109;800;37;0.1
0.321289;0.678711;900;37;0
0.0675147;0.932485;900;37;0.01
0.105469;0.894531;900;37;0.02
0.0395648;0.960435;900;37;0.03
0.0722656;0.927734;900;37;0.04
0.0957031;0.904297;900;37;0.05
0.0820312;0.917969;900;37;0.06
0.0693359;0.930664;900;37;0.07
0.0683594;0.931641;900;37;0.08
0.00900901;0.990991;900;37;0.09
0.015625;0.984375;900;37;0.1
0.251953;0.748047;1000;37;0
0.0410156;0.958984;1000;37;0.01
0.0595703;0.94043;1000;37;0.02
0.0585938;0.941406;1000;37;0.03
0.0714286;0.928571;1000;37;0.04
0.0566406;0.943359;1000;37;0.05
0.0771484;0.922852;1000;37;0.06
0.09375;0.90625;1000;37;0.07
0.00398406;0.996016;1000;37;0.08
0;1;1000;37;0.09
0.0205078;0.979492;1000;37;0.1
0.234604;0.765396;1100;37;0
0.0187377;0.981262;1100;37;0.01
0.00884956;0.99115;1100;37;0.02
0.00197628;0.998024;1100;37;0.03
0.023622;0.976378;1100;37;0.04
0.0458984;0.954102;1100;37;0.05
0.03125;0.96875;1100;37;0.06
0.011022;0.988978;1100;37;0.07
0.00585938;0.994141;1100;37;0.08
0.0722656;0.927734;1100;37;0.09
0.0785855;0.921415;1100;37;0.1
0.325832;0.674168;1200;37;0
0.0596285;0.940371;1200;37;0.01
0.0195886;0.980411;1200;37;0.02
0.0517578;0.948242;1200;37;0.03
0.0502463;0.949754;1200;37;0.04
0.0175781;0.982422;1200;37;0.05
0.0374384;0.962562;1200;37;0.06
0.027833;0.972167;1200;37;0.07
0.00195312;0.998047;1200;37;0.08
0.106445;0.893555;1200;37;0.09
0.0664712;0.933529;1200;37;0.1
0.323242;0.676758;1300;37;0
0.0263672;0.973633;1300;37;0.01
0.0400391;0.959961;1300;37;0.02
0.0712891;0.928711;1300;37;0.03
0.00684262;0.993157;1300;37;0.04
0.0595703;0.94043;1300;37;0.05
0.0498047;0.950195;1300;37;0.06
0.024728;0.975272;1300;37;0.07
0.0175781;0.982422;1300;37;0.08
0.0109671;0.989033;1300;37;0.09
0.0263672;0.973633;1300;37;0.1
0.252704;0.747296;1400;37;0
0.0205078;0.979492;1400;37;0.01
0.0675808;0.932419;1400;37;0.02
0.0333333;0.966667;1400;37;0.03
0.0460333;0.953967;1400;37;0.04
0.046875;0.953125;1400;37;0.05
0;1;1400;37;0.06
0.0517578;0.948242;1400;37;0.07
0.0761719;0.923828;1400;37;0.08
0.0641026;0.935897;1400;37;0.09
0.0591716;0.940828;1400;37;0.1
0.298828;0.701172;1500;37;0
0.107422;0.892578;1500;37;0.01
0.004004;0.995996;1500;37;0.02
0.0138477;0.986152;1500;37;0.03
0.0107949;0.989205;1500;37;0.04
0.0283757;0.971624;1500;37;0.05
0.0481336;0.951866;1500;37;0.06
0.0830078;0.916992;1500;37;0.07
0.143555;0.856445;1500;37;0.08
0.109375;0.890625;1500;37;0.09
0.0732422;0.926758;1500;37;0.1
0.185222;0.814778;0;38;0
0.0507812;0.949219;0;38;0.01
0.0654936;0.934506;0;38;0.02
0;1;0;38;0.03
0.0137931;0.986207;0;38;0.04
0.00101523;0.998985;0;38;0.05
0.0391389;0.960861;0;38;0.06
0.0458984;0.954102;0;38;0.07
0.0507812;0.949219;0;38;0.08
0.0119403;0.98806;0;38;0.09
0.0264706;0.973529;0;38;0.1
0.194584;0.805416;100;38;0
0.0902846;0.909715;100;38;0.01
0.208984;0.791016;100;38;0.02
0.0732422;0.926758;100;38;0.03
0.0664062;0.933594;100;38;0.04
0.0333007;0.966699;100;38;0.05
0.0732422;0.926758;100;38;0.06
0.0823529;0.917647;100;38;0.07
0.114258;0.885742;100;38;0.08
0.08619;0.91381;100;38;0.09
0.205078;0.794922;100;38;0.1
0.44043;0.55957;200;38;0
0.176644;0.823356;200;38;0.01
0.120117;0.879883;200;38;0.02
0.177104;0.822896;200;38;0.03
0.0842311;0.915769;200;38;0.04
0.145508;0.854492;200;38;0.05
0.214844;0.785156;200;38;0.06
0.0849609;0.915039;200;38;0.07
0.0175781;0.982422;200;38;0.08
0.0298507;0.970149;200;38;0.09
0.146915;0.853085;200;38;0.1
0.356445;0.643555;300;38;0
0.0669951;0.933005;300;38;0.01
0.046169;0.953831;300;38;0.02
0.0275591;0.972441;300;38;0.03
0.0478516;0.952148;300;38;0.04
0.0458984;0.954102;300;38;0.05
0.21875;0.78125;300;38;0.06
0.179688;0.820312;300;38;0.07
0.140625;0.859375;300;38;0.08
0.142997;0.857003;300;38;0.09
0.0462598;0.95374;300;38;0.1
0.224609;0.775391;400;38;0
0.135742;0.864258;400;38;0.01
0.0449219;0.955078;400;38;0.02
0.119141;0.880859;400;38;0.03
0.146484;0.853516;400;38;0.04
0.207031;0.792969;400;38;0.05
0.0787402;0.92126;400;38;0.06
0.141602;0.858398;400;38;0.07
0.183594;0.816406;400;38;0.08
0.15918;0.84082;400;38;0.09
0.0703812;0.929619;400;38;0.1
0.186575;0.813425;500;38;0
0.0821114;0.917889;500;38;0.01
0.0821114;0.917889;500;38;0.02
0.0625;0.9375;500;38;0.03
0.0381605;0.96184;500;38;0.04
0.152344;0.847656;500;38;0.05
0.111002;0.888998;500;38;0.06
0.086444;0.913556;500;38;0.07
0.0846457;0.915354;500;38;0.08
0.0644531;0.935547;500;38;0.09
0.0683594;0.931641;500;38;0.1
0.265426;0.734574;600;38;0
0.046875;0.953125;600;38;0.01
0.0693359;0.930664;600;38;0.02
0.0253906;0.974609;600;38;0.03
0.131836;0.868164;600;38;0.04
0.199219;0.800781;600;38;0.05
0.0387674;0.961233;600;38;0.06
0.0976562;0.902344;600;38;0.07
0.112635;0.887365;600;38;0.08
0.0559372;0.944063;600;38;0.09
0.0303624;0.969638;600;38;0.1
0.312315;0.687685;700;38;0
0.0869141;0.913086;700;38;0.01
0.103516;0.896484;700;38;0.02
0.0675808;0.932419;700;38;0.03
0.0703125;0.929688;700;38;0.04
0.34375;0.65625;700;38;0.05
0.0656863;0.934314;700;38;0.06
0.0986328;0.901367;700;38;0.07
0.0976562;0.902344;700;38;0.08
0.0577865;0.942214;700;38;0.09
0.0697446;0.930255;700;38;0.1
0.195312;0.804688;800;38;0
0.0828402;0.91716;800;38;0.01
0.0888672;0.911133;800;38;0.02
0.0683594;0.931641;800;38;0.03
0.05;0.95;800;38;0.04
0.0849609;0.915039;800;38;0.05
0.0442043;0.955796;800;38;0.06
0.0615234;0.938477;800;38;0.07
0.0214844;0.978516;800;38;0.08
0.161133;0.838867;800;38;0.09
0.105523;0.894477;800;38;0.1
0.212891;0.787109;900;38;0
0.107422;0.892578;900;38;0.01
0.0364892;0.963511;900;38;0.02
0.013013;0.986987;900;38;0.03
0.0362035;0.963796;900;38;0.04
0.10382;0.89618;900;38;0.05
0.0456802;0.95432;900;38;0.06
0.0332031;0.966797;900;38;0.07
0.0679134;0.932087;900;38;0.08
0.0488281;0.951172;900;38;0.09
0.0585938;0.941406;900;38;0.1
0.325123;0.674877;1000;38;0
0.0218471;0.978153;1000;38;0.01
0.00976562;0.990234;1000;38;0.02
0.12793;0.87207;1000;38;0.03
0.144531;0.855469;1000;38;0.04
0.041461;0.958539;1000;38;0.05
0.0732422;0.926758;1000;38;0.06
0.118395;0.881605;1000;38;0.07
0.0703125;0.929688;1000;38;0.08
0.118164;0.881836;1000;38;0.09
0.0136852;0.986315;1000;38;0.1
0.287671;0.712329;1100;38;0
0.0761719;0.923828;1100;38;0.01
0.102539;0.897461;1100;38;0.02
0.177734;0.822266;1100;38;0.03
0.0146915;0.985309;1100;38;0.04
0.0147348;0.985265;1100;38;0.05
0.0420744;0.957926;1100;38;0.06
0.0432645;0.956735;1100;38;0.07
0.0375494;0.962451;1100;38;0.08
0.0460784;0.953922;1100;38;0.09
0.0712891;0.928711;1100;38;0.1
0.31085;0.68915;1200;38;0
0.0742188;0.925781;1200;38;0.01
0.0791016;0.920898;1200;38;0.02
0.0585938;0.941406;1200;38;0.03
0.130859;0.869141;1200;38;0.04
0.0527344;0.947266;1200;38;0.05
0.156863;0.843137;1200;38;0.06
0.0940255;0.905975;1200;38;0.07
0.0722656;0.927734;1200;38;0.08
0.0869141;0.913086;1200;38;0.09
0.0263672;0.973633;1200;38;0.1
0.199605;0.800395;1300;38;0
0.205078;0.794922;1300;38;0.01
0.0146915;0.985309;1300;38;0.02
0.00585938;0.994141;1300;38;0.03
0.102262;0.897738;1300;38;0.04
0.0061792;0.993821;1300;38;0.05
0.013834;0.986166;1300;38;0.06
0.0489237;0.951076;1300;38;0.07
0.0587659;0.941234;1300;38;0.08
0.0518084;0.948192;1300;38;0.09
0.0654297;0.93457;1300;38;0.1
0.344118;0.655882;1400;38;0
0.0449658;0.955034;1400;38;0.01
0.0595703;0.94043;1400;38;0.02
0.00493097;0.995069;1400;38;0.03
0.0539216;0.946078;1400;38;0.04
0.0529412;0.947059;1400;38;0.05
0.00884086;0.991159;1400;38;0.06
0.0302734;0.969727;1400;38;0.07
0.0225049;0.977495;1400;38;0.08
0.0294985;0.970501;1400;38;0.09
0.0285714;0.971429;1400;38;0.1
0.299805;0.700195;1500;38;0
0.155273;0.844727;1500;38;0.01
0.0888672;0.911133;1500;38;0.02
0.0595703;0.94043;1500;38;0.03
0.0599214;0.940079;1500;38;0.04
0.0558276;0.944172;1500;38;0.05
0.0253906;0.974609;1500;38;0.06
0.0332031;0.966797;1500;38;0.07
0.0361328;0.963867;1500;38;0.08
0.0527344;0.947266;1500;38;0.09
0.027451;0.972549;1500;38;0.1
0.226453;0.773547;0;39;0
0;1;0;39;0.01
0.0220662;0.977934;0;39;0.02
0;1;0;39;0.03
0.0176991;0.982301;0;39;0.04
0.0139165;0.986084;0;39;0.05
0.0166016;0.983398;0;39;0.06
0.0172764;0.982724;0;39;0.07
0.0263672;0.973633;0;39;0.08
0.00883219;0.991168;0;39;0.09
0.0566406;0.943359;0;39;0.1
0.342773;0.657227;100;39;0
0.0830078;0.916992;100;39;0.01
0.272461;0.727539;100;39;0.02
0.0380859;0.961914;100;39;0.03
0.181018;0.818982;100;39;0.04
0.233105;0.766895;100;39;0.05
0.235352;0.764648;100;39;0.06
0.1737;0.8263;100;39;0.07
0.233398;0.766602;100;39;0.08
0.139648;0.860352;100;39;0.09
0.189824;0.810176;100;39;0.1
0.398438;0.601562;200;39;0
0.21582;0.78418;200;39;0.01
0.15625;0.84375;200;39;0.02
0.111328;0.888672;200;39;0.03
0.139648;0.860352;200;39;0.04
0.0812929;0.918707;200;39;0.05
0.181641;0.818359;200;39;0.06
0.0673828;0.932617;200;39;0.07
0.141602;0.858398;200;39;0.08
0.143559;0.85644;200;39;0.09
0.142578;0.857422;200;39;0.1
0.363281;0.636719;300;39;0
0.189453;0.810547;300;39;0.01
0.323242;0.676758;300;39;0.02
0.160942;0.839058;300;39;0.03
0.0576172;0.942383;300;39;0.04
0.0839844;0.916016;300;39;0.05
0.176125;0.823875;300;39;0.06
0.125977;0.874023;300;39;0.07
0.0917969;0.908203;300;39;0.08
0.149414;0.850586;300;39;0.09
0.0713587;0.928641;300;39;0.1
0.349362;0.650638;400;39;0
0.155273;0.844727;400;39;0.01
0.00882353;0.991176;400;39;0.02
0.0484669;0.951533;400;39;0.03
0.0917969;0.908203;400;39;0.04
0.214844;0.785156;400;39;0.05
0.11276;0.88724;400;39;0.06
0.029383;0.970617;400;39;0.07
0.0585938;0.941406;400;39;0.08
0.0785083;0.921492;400;39;0.09
0.0196657;0.980334;400;39;0.1
0.259295;0.740704;500;39;0
0.0654297;0.93457;500;39;0.01
0.0703125;0.929688;500;39;0.02
0.200195;0.799805;500;39;0.03
0.200195;0.799805;500;39;0.04
0.130859;0.869141;500;39;0.05
0.05;0.95;500;39;0.06
0.072549;0.927451;500;39;0.07
0.0859375;0.914062;500;39;0.08
0.0517578;0.948242;500;39;0.09
0.123772;0.876228;500;39;0.1
0.284314;0.715686;600;39;0
0.0406343;0.959366;600;39;0.01
0.0205279;0.979472;600;39;0.02
0.0484669;0.951533;600;39;0.03
0.0429688;0.957031;600;39;0.04
0.054741;0.945259;600;39;0.05
0.0344149;0.965585;600;39;0.06
0.0292969;0.970703;600;39;0.07
0.0966797;0.90332;600;39;0.08
0.104697;0.895303;600;39;0.09
0.00203046;0.99797;600;39;0.1
0.110784;0.889216;700;39;0
0.0410156;0.958984;700;39;0.01
0.135742;0.864258;700;39;0.02
0.166992;0.833008;700;39;0.03
0.0585938;0.941406;700;39;0.04
0.0920666;0.907933;700;39;0.05
0.129032;0.870968;700;39;0.06
0.0918866;0.908113;700;39;0.07
0.0537109;0.946289;700;39;0.08
0.105469;0.894531;700;39;0.09
0.0869141;0.913086;700;39;0.1
0.315686;0.684314;800;39;0
0.0800781;0.919922;800;39;0.01
0.0884086;0.911591;800;39;0.02
0.0549558;0.945044;800;39;0.03
0.111437;0.888563;800;39;0.04
0.0449219;0.955078;800;39;0.05
0.0235756;0.976424;800;39;0.06
0.0128079;0.987192;800;39;0.07
0.0742188;0.925781;800;39;0.08
0.0390625;0.960938;800;39;0.09
0.0908203;0.90918;800;39;0.1
0.23419;0.76581;900;39;0
0.015625;0.984375;900;39;0.01
0.115573;0.884427;900;39;0.02
0.00294406;0.997056;900;39;0.03
0.0452311;0.954769;900;39;0.04
0.0976562;0.902344;900;39;0.05
0.0883219;0.911678;900;39;0.06
0.125977;0.874023;900;39;0.07
0.113281;0.886719;900;39;0.08
0.0683594;0.931641;900;39;0.09
0.0869141;0.913086;900;39;0.1
0.413086;0.586914;1000;39;0
0.0325444;0.967456;1000;39;0.01
0.0371094;0.962891;1000;39;0.02
0.0539745;0.946025;1000;39;0.03
0.0803134;0.919687;1000;39;0.04
0.0433498;0.95665;1000;39;0.05
0.0138889;0.986111;1000;39;0.06
0.0253906;0.974609;1000;39;0.07
0.0273705;0.97263;1000;39;0.08
0.0566406;0.943359;1000;39;0.09
0.0351562;0.964844;1000;39;0.1
0.287109;0.712891;1100;39;0
0.0771484;0.922852;1100;39;0.01
0.0439453;0.956055;1100;39;0.02
0.0442478;0.955752;1100;39;0.03
0.110352;0.889648;1100;39;0.04
0.0830078;0.916992;1100;39;0.05
0.0205078;0.979492;1100;39;0.06
0.0341797;0.96582;1100;39;0.07
0.125977;0.874023;1100;39;0.08
0.0382353;0.961765;1100;39;0.09
0.0625611;0.937439;1100;39;0.1
0.327148;0.672852;1200;39;0
0.0832517;0.916748;1200;39;0.01
0.0449658;0.955034;1200;39;0.02
0.0507812;0.949219;1200;39;0.03
0.0410156;0.958984;1200;39;0.04
0.0198807;0.980119;1200;39;0.05
0.0322266;0.967773;1200;39;0.06
0.0646425;0.935358;1200;39;0.07
0.0443787;0.955621;1200;39;0.08
0.0361328;0.963867;1200;39;0.09
0.0404738;0.959526;1200;39;0.1
0.148476;0.851524;1300;39;0
0.0693359;0.930664;1300;39;0.01
0.0460784;0.953922;1300;39;0.02
0.0470588;0.952941;1300;39;0.03
0.0186457;0.981354;1300;39;0.04
0.0499022;0.950098;1300;39;0.05
0.0597453;0.940255;1300;39;0.06
0.0520118;0.947988;1300;39;0.07
0.0266272;0.973373;1300;39;0.08
0.0524233;0.947577;1300;39;0.09
0.0802348;0.919765;1300;39;0.1
0.311945;0.688055;1400;39;0
0.0742188;0.925781;1400;39;0.01
0.0217606;0.978239;1400;39;0.02
0.0205078;0.979492;1400;39;0.03
0.0830078;0.916992;1400;39;0.04
0.0742913;0.925709;1400;39;0.05
0.0587084;0.941292;1400;39;0.06
0.0401174;0.959883;1400;39;0.07
0.0167158;0.983284;1400;39;0.08
0.0136852;0.986315;1400;39;0.09
0.046875;0.953125;1400;39;0.1
0.170949;0.829051;1500;39;0
0.00196271;0.998037;1500;39;0.01
0.0341797;0.96582;1500;39;0.02
0.045098;0.954902;1500;39;0.03
0.0595703;0.94043;1500;39;0.04
0.0645793;0.935421;1500;39;0.05
0.0556641;0.944336;1500;39;0.06
0.0419922;0.958008;1500;39;0.07
0.0255403;0.97446;1500;39;0.08
0.043095;0.956905;1500;39;0.09
0.00398406;0.996016;1500;39;0.1
0.108325;0.891675;0;40;0
0.0401174;0.959883;0;40;0.01
0.0167158;0.983284;0;40;0.02
0.0390625;0.960938;0;40;0.03
0.0157947;0.984205;0;40;0.04
0.011893;0.988107;0;40;0.05
0.0450539;0.954946;0;40;0.06
0.0595703;0.94043;0;40;0.07
0.0186824;0.981318;0;40;0.08
0.0754902;0.92451;0;40;0.09
0.0488281;0.951172;0;40;0.1
0.431641;0.568359;100;40;0
0.174805;0.825195;100;40;0.01
0.191406;0.808594;100;40;0.02
0.185841;0.814159;100;40;0.03
0.118227;0.881773;100;40;0.04
0.206055;0.793945;100;40;0.05
0.131836;0.868164;100;40;0.06
0.21582;0.78418;100;40;0.07
0.118164;0.881836;100;40;0.08
0.18457;0.81543;100;40;0.09
0.0869141;0.913086;100;40;0.1
0.304688;0.695312;200;40;0
0.264648;0.735352;200;40;0.01
0.155273;0.844727;200;40;0.02
0.126953;0.873047;200;40;0.03
0.0462312;0.953769;200;40;0.04
0.0556641;0.944336;200;40;0.05
0.173021;0.826979;200;40;0.06
0.13783;0.86217;200;40;0.07
0.0890411;0.910959;200;40;0.08
0.136719;0.863281;200;40;0.09
0.0478088;0.952191;200;40;0.1
0.181641;0.818359;300;40;0
0.130178;0.869823;300;40;0.01
0.0605469;0.939453;300;40;0.02
0.115347;0.884653;300;40;0.03
0.0757129;0.924287;300;40;0.04
0.126347;0.873653;300;40;0.05
0.103516;0.896484;300;40;0.06
0.213867;0.786133;300;40;0.07
0.105469;0.894531;300;40;0.08
0.128906;0.871094;300;40;0.09
0.126953;0.873047;300;40;0.1
0.407843;0.592157;400;40;0
0.114931;0.885069;400;40;0.01
0.103516;0.896484;400;40;0.02
0.101562;0.898438;400;40;0.03
0.109482;0.890518;400;40;0.04
0.203125;0.796875;400;40;0.05
0.161133;0.838867;400;40;0.06
0.256836;0.743164;400;40;0.07
0.19043;0.80957;400;40;0.08
0.130859;0.869141;400;40;0.09
0.219727;0.780273;400;40;0.1
0.375;0.625;500;40;0
0.0422397;0.95776;500;40;0.01
0.0146484;0.985352;500;40;0.02
0.268555;0.731445;500;40;0.03
0.0393314;0.960669;500;40;0.04
0.130859;0.869141;500;40;0.05
0.0957031;0.904297;500;40;0.06
0.0498047;0.950195;500;40;0.07
0.0292969;0.970703;500;40;0.08
0.0422812;0.957719;500;40;0.09
0.0986328;0.901367;500;40;0.1
0.354492;0.645508;600;40;0
0.117188;0.882812;600;40;0.01
0.0372915;0.962709;600;40;0.02
0.0471513;0.952849;600;40;0.03
0.0488281;0.951172;600;40;0.04
0.0680473;0.931953;600;40;0.05
0.0498047;0.950195;600;40;0.06
0.0848126;0.915187;600;40;0.07
0.0712891;0.928711;600;40;0.08
0.155273;0.844727;600;40;0.09
0.134766;0.865234;600;40;0.1
0.223108;0.776892;700;40;0
0.0537109;0.946289;700;40;0.01
0.160156;0.839844;700;40;0.02
0.171875;0.828125;700;40;0.03
0.0822723;0.917728;700;40;0.04
0.0627451;0.937255;700;40;0.05
0.0871694;0.912831;700;40;0.06
0.0761719;0.923828;700;40;0.07
0.0654297;0.93457;700;40;0.08
0.0674487;0.932551;700;40;0.09
0.0185547;0.981445;700;40;0.1
0.219272;0.780728;800;40;0
0.0976562;0.902344;800;40;0.01
0.124023;0.875977;800;40;0.02
0.0449219;0.955078;800;40;0.03
0.0470127;0.952987;800;40;0.04
0.0488281;0.951172;800;40;0.05
0.0383858;0.961614;800;40;0.06
0.0383104;0.96169;800;40;0.07
0.0810547;0.918945;800;40;0.08
0.0800781;0.919922;800;40;0.09
0.0859375;0.914062;800;40;0.1
0.283203;0.716797;900;40;0
0.0332031;0.966797;900;40;0.01
0.0846457;0.915354;900;40;0.02
0.0517578;0.948242;900;40;0.03
0.128906;0.871094;900;40;0.04
0.129883;0.870117;900;40;0.05
0.132942;0.867058;900;40;0.06
0.072549;0.927451;900;40;0.07
0.0957031;0.904297;900;40;0.08
0.0373648;0.962635;900;40;0.09
0.00488281;0.995117;900;40;0.1
0.383333;0.616667;1000;40;0
0.0644531;0.935547;1000;40;0.01
0.0139581;0.986042;1000;40;0.02
0.0556641;0.944336;1000;40;0.03
0.143836;0.856164;1000;40;0.04
0.0732422;0.926758;1000;40;0.05
0.0175953;0.982405;1000;40;0.06
0.0166016;0.983398;1000;40;0.07
0.0947266;0.905273;1000;40;0.08
0.0625;0.9375;1000;40;0.09
0.0216749;0.978325;1000;40;0.1
0.198216;0.801784;1100;40;0
0.0491159;0.950884;1100;40;0.01
0.0606654;0.939335;1100;40;0.02
0.058997;0.941003;1100;40;0.03
0.0615234;0.938477;1100;40;0.04
0.100586;0.899414;1100;40;0.05
0.0694716;0.930528;1100;40;0.06
0.0647059;0.935294;1100;40;0.07
0.0214844;0.978516;1100;40;0.08
0.0293542;0.970646;1100;40;0.09
0.0411765;0.958824;1100;40;0.1
0.347656;0.652344;1200;40;0
0.0216749;0.978325;1200;40;0.01
0.0234375;0.976562;1200;40;0.02
0.0214844;0.978516;1200;40;0.03
0.0277778;0.972222;1200;40;0.04
0.00489716;0.995103;1200;40;0.05
0.00391773;0.996082;1200;40;0.06
0.0108481;0.989152;1200;40;0.07
0.0606061;0.939394;1200;40;0.08
0.0908203;0.90918;1200;40;0.09
0.0371094;0.962891;1200;40;0.1
0.256182;0.743818;1300;40;0
0.053816;0.946184;1300;40;0.01
0.0683594;0.931641;1300;40;0.02
0.0390625;0.960938;1300;40;0.03
0.0517578;0.948242;1300;40;0.04
0.01002;0.98998;1300;40;0.05
0.0273438;0.972656;1300;40;0.06
0.0908203;0.90918;1300;40;0.07
0.0248262;0.975174;1300;40;0.08
0.00683594;0.993164;1300;40;0.09
0.111328;0.888672;1300;40;0.1
0.227273;0.772727;1400;40;0
0.0212766;0.978723;1400;40;0.01
0.0147203;0.98528;1400;40;0.02
0.0892157;0.910784;1400;40;0.03
0.0254403;0.97456;1400;40;0.04
0.062253;0.937747;1400;40;0.05
0.0613861;0.938614;1400;40;0.06
0.0286278;0.971372;1400;40;0.07
0.0214844;0.978516;1400;40;0.08
0.0492126;0.950787;1400;40;0.09
0.017769;0.982231;1400;40;0.1
0.230469;0.769531;1500;40;0
0.0336301;0.96637;1500;40;0.01
0;1;1500;40;0.02
0.0480392;0.951961;1500;40;0.03
0.0400782;0.959922;1500;40;0.04
0.0667321;0.933268;1500;40;0.05
0.079334;0.920666;1500;40;0.06
0.0117647;0.988235;1500;40;0.07
0.00293255;0.997067;1500;40;0.08
0.0520118;0.947988;1500;40;0.09
0.0206897;0.97931;1500;40;0.1
0.112524;0.887476;0;41;0
0.0610837;0.938916;0;41;0.01
0.0237154;0.976285;0;41;0.02
0.0108696;0.98913;0;41;0.03
0.00489237;0.995108;0;41;0.04
0.0361328;0.963867;0;41;0.05
0.0383481;0.961652;0;41;0.06
0.0616438;0.938356;0;41;0.07
0.0158888;0.984111;0;41;0.08
0.0255654;0.974435;0;41;0.09
0.0607248;0.939275;0;41;0.1
0.400391;0.599609;100;41;0
0.117417;0.882583;100;41;0.01
0.0812133;0.918787;100;41;0.02
0.150391;0.849609;100;41;0.03
0.144531;0.855469;100;41;0.04
0.181641;0.818359;100;41;0.05
0.195312;0.804688;100;41;0.06
0.174805;0.825195;100;41;0.07
0.0976562;0.902344;100;41;0.08
0.241211;0.758789;100;41;0.09
0.0821918;0.917808;100;41;0.1
0.233398;0.766602;200;41;0
0.259295;0.740704;200;41;0.01
0.282227;0.717773;200;41;0.02
0.274414;0.725586;200;41;0.03
0.422852;0.577148;200;41;0.04
0.148438;0.851562;200;41;0.05
0.132812;0.867188;200;41;0.06
0.107422;0.892578;200;41;0.07
0.107073;0.892927;200;41;0.08
0.0859375;0.914062;200;41;0.09
0.204102;0.795898;200;41;0.1
0.313477;0.686523;300;41;0
0.19043;0.80957;300;41;0.01
0.12793;0.87207;300;41;0.02
0.0537634;0.946237;300;41;0.03
0.140625;0.859375;300;41;0.04
0.166992;0.833008;300;41;0.05
0.112305;0.887695;300;41;0.06
0.132613;0.867387;300;41;0.07
0.0626223;0.937378;300;41;0.08
0.0244379;0.975562;300;41;0.09
0.0391773;0.960823;300;41;0.1
0.28248;0.71752;400;41;0
0.046875;0.953125;400;41;0.01
0.0874263;0.912574;400;41;0.02
0.0363815;0.963618;400;41;0.03
0.0527344;0.947266;400;41;0.04
0.134766;0.865234;400;41;0.05
0.0505952;0.949405;400;41;0.06
0.0458984;0.954102;400;41;0.07
0.0810547;0.918945;400;41;0.08
0.115234;0.884766;400;41;0.09
0.107843;0.892157;400;41;0.1
0.287671;0.712329;500;41;0
0.0473373;0.952663;500;41;0.01
0.0615234;0.938477;500;41;0.02
0.0812929;0.918707;500;41;0.03
0.0742188;0.925781;500;41;0.04
0.0566406;0.943359;500;41;0.05
0.0664062;0.933594;500;41;0.06
0.0380859;0.961914;500;41;0.07
0.0439453;0.956055;500;41;0.08
0.0488281;0.951172;500;41;0.09
0.113281;0.886719;500;41;0.1
0.442383;0.557617;600;41;0
0.0794118;0.920588;600;41;0.01
0.0908203;0.90918;600;41;0.02
0.125977;0.874023;600;41;0.03
0.0445104;0.95549;600;41;0.04
0.0488281;0.951172;600;41;0.05
0.0146484;0.985352;600;41;0.06
0.0224609;0.977539;600;41;0.07
0.0498047;0.950195;600;41;0.08
0.0839844;0.916016;600;41;0.09
0.0507812;0.949219;600;41;0.1
0.37793;0.62207;700;41;0
0.0839844;0.916016;700;41;0.01
0.0595703;0.94043;700;41;0.02
0.0893032;0.910697;700;41;0.03
0.00976562;0.990234;700;41;0.04
0.0197433;0.980257;700;41;0.05
0.135742;0.864258;700;41;0.06
0.0579568;0.942043;700;41;0.07
0.0782779;0.921722;700;41;0.08
0.109375;0.890625;700;41;0.09
0.0638507;0.936149;700;41;0.1
0.370117;0.629883;800;41;0
0.107708;0.892292;800;41;0.01
0.121212;0.878788;800;41;0.02
0.0215475;0.978453;800;41;0.03
0.0178394;0.982161;800;41;0.04
0.0312805;0.968719;800;41;0.05
0.0908203;0.90918;800;41;0.06
0.0754163;0.924584;800;41;0.07
0.041543;0.958457;800;41;0.08
0.0852106;0.914789;800;41;0.09
0.0859375;0.914062;800;41;0.1
0.378299;0.621701;900;41;0
0.0947266;0.905273;900;41;0.01
0.0421569;0.957843;900;41;0.02
0.0535183;0.946482;900;41;0.03
0.0771484;0.922852;900;41;0.04
0.0523198;0.94768;900;41;0.05
0.035468;0.964532;900;41;0.06
0.0215054;0.978495;900;41;0.07
0.0146628;0.985337;900;41;0.08
0.0639764;0.936024;900;41;0.09
0.0148368;0.985163;900;41;0.1
0.170898;0.829102;1000;41;0
0.102539;0.897461;1000;41;0.01
0.0757129;0.924287;1000;41;0.02
0.0322266;0.967773;1000;41;0.03
0.0245339;0.975466;1000;41;0.04
0.0869141;0.913086;1000;41;0.05
0.0644531;0.935547;1000;41;0.06
0.0625;0.9375;1000;41;0.07
0.0596869;0.940313;1000;41;0.08
0.0392927;0.960707;1000;41;0.09
0.0771484;0.922852;1000;41;0.1
0.374143;0.625857;1100;41;0
0.123047;0.876953;1100;41;0.01
0.182975;0.817025;1100;41;0.02
0.109145;0.890855;1100;41;0.03
0.0576735;0.942326;1100;41;0.04
0.111328;0.888672;1100;41;0.05
0.0947266;0.905273;1100;41;0.06
0.046875;0.953125;1100;41;0.07
0.0341797;0.96582;1100;41;0.08
0.0626836;0.937316;1100;41;0.09
0.0430108;0.956989;1100;41;0.1
0.106863;0.893137;1200;41;0
0.0189621;0.981038;1200;41;0.01
0.0205078;0.979492;1200;41;0.02
0.0430528;0.956947;1200;41;0.03
0.0712891;0.928711;1200;41;0.04
0.0683594;0.931641;1200;41;0.05
0.021611;0.978389;1200;41;0.06
0.0917969;0.908203;1200;41;0.07
0.106445;0.893555;1200;41;0.08
0.0664062;0.933594;1200;41;0.09
0.0927734;0.907227;1200;41;0.1
0.313477;0.686523;1300;41;0
0.0316518;0.968348;1300;41;0.01
0.0254154;0.974585;1300;41;0.02
0.0357143;0.964286;1300;41;0.03
0.0401567;0.959843;1300;41;0.04
0.0351906;0.964809;1300;41;0.05
0.0361328;0.963867;1300;41;0.06
0.0147348;0.985265;1300;41;0.07
0.0527344;0.947266;1300;41;0.08
0.00392157;0.996078;1300;41;0.09
0.0747296;0.92527;1300;41;0.1
0.291585;0.708415;1400;41;0
0.0224609;0.977539;1400;41;0.01
0.0451423;0.954858;1400;41;0.02
0.0430528;0.956947;1400;41;0.03
0.0332031;0.966797;1400;41;0.04
0.0127326;0.987267;1400;41;0.05
0.0644531;0.935547;1400;41;0.06
0.0224609;0.977539;1400;41;0.07
0.0390625;0.960938;1400;41;0.08
0.118164;0.881836;1400;41;0.09
0.0732422;0.926758;1400;41;0.1
0.283757;0.716243;1500;41;0
0.0532544;0.946746;1500;41;0.01
0.036239;0.963761;1500;41;0.02
0.0304519;0.969548;1500;41;0.03
0.0947266;0.905273;1500;41;0.04
0.0744368;0.925563;1500;41;0.05
0.0284314;0.971569;1500;41;0.06
0.046875;0.953125;1500;41;0.07
0.0917969;0.908203;1500;41;0.08
0.0996094;0.900391;1500;41;0.09
0.0334975;0.966502;1500;41;0.1
0.153771;0.846229;0;42;0
0.0158259;0.984174;0;42;0.01
0.0429688;0.957031;0;42;0.02
0.0258449;0.974155;0;42;0.03
0.0380859;0.961914;0;42;0.04
0.021978;0.978022;0;42;0.05
0.0654297;0.93457;0;42;0.06
0.0722656;0.927734;0;42;0.07
0.152344;0.847656;0;42;0.08
0.0703125;0.929688;0;42;0.09
0.011893;0.988107;0;42;0.1
0.24707;0.75293;100;42;0
0.134766;0.865234;100;42;0.01
0.265625;0.734375;100;42;0.02
0.1737;0.8263;100;42;0.03
0.182617;0.817383;100;42;0.04
0.160156;0.839844;100;42;0.05
0.138672;0.861328;100;42;0.06
0.225049;0.774951;100;42;0.07
0.181641;0.818359;100;42;0.08
0.292969;0.707031;100;42;0.09
0.0791016;0.920898;100;42;0.1
0.282227;0.717773;200;42;0
0.106445;0.893555;200;42;0.01
0.0754902;0.92451;200;42;0.02
0.188477;0.811523;200;42;0.03
0.288086;0.711914;200;42;0.04
0.0512821;0.948718;200;42;0.05
0.0936884;0.906312;200;42;0.06
0.114258;0.885742;200;42;0.07
0.101562;0.898438;200;42;0.08
0.0839844;0.916016;200;42;0.09
0.152344;0.847656;200;42;0.1
0.319567;0.680433;300;42;0
0.0566406;0.943359;300;42;0.01
0.121094;0.878906;300;42;0.02
0.0791016;0.920898;300;42;0.03
0.0791016;0.920898;300;42;0.04
0.0675147;0.932485;300;42;0.05
0.0888672;0.911133;300;42;0.06
0.120117;0.879883;300;42;0.07
0.0928641;0.907136;300;42;0.08
0.119725;0.880275;300;42;0.09
0.0984252;0.901575;300;42;0.1
0.18607;0.81393;400;42;0
0.141602;0.858398;400;42;0.01
0.207031;0.792969;400;42;0.02
0.125977;0.874023;400;42;0.03
0.0180542;0.981946;400;42;0.04
0.0117302;0.98827;400;42;0.05
0.176758;0.823242;400;42;0.06
0.0294695;0.97053;400;42;0.07
0.0732422;0.926758;400;42;0.08
0.049951;0.950049;400;42;0.09
0.0253906;0.974609;400;42;0.1
0.347059;0.652941;500;42;0
0.0734574;0.926543;500;42;0.01
0.0371094;0.962891;500;42;0.02
0.0703125;0.929688;500;42;0.03
0.0996094;0.900391;500;42;0.04
0.041456;0.958544;500;42;0.05
0.145508;0.854492;500;42;0.06
0.0419922;0.958008;500;42;0.07
0.0732422;0.926758;500;42;0.08
0.0772239;0.922776;500;42;0.09
0.0664062;0.933594;500;42;0.1
0.257087;0.742913;600;42;0
0.0772994;0.922701;600;42;0.01
0.0585938;0.941406;600;42;0.02
0.0654297;0.93457;600;42;0.03
0.0556641;0.944336;600;42;0.04
0.0664062;0.933594;600;42;0.05
0.120117;0.879883;600;42;0.06
0.0839844;0.916016;600;42;0.07
0.00981354;0.990186;600;42;0.08
0.0547945;0.945205;600;42;0.09
0.147894;0.852106;600;42;0.1
0.107422;0.892578;700;42;0
0.0859375;0.914062;700;42;0.01
0.037182;0.962818;700;42;0.02
0.0176817;0.982318;700;42;0.03
0.0507812;0.949219;700;42;0.04
0.0458984;0.954102;700;42;0.05
0.0346535;0.965347;700;42;0.06
0.0322266;0.967773;700;42;0.07
0.219727;0.780273;700;42;0.08
0.0736739;0.926326;700;42;0.09
0.0812929;0.918707;700;42;0.1
0.32713;0.67287;800;42;0
0.0888672;0.911133;800;42;0.01
0.101562;0.898438;800;42;0.02
0.0458984;0.954102;800;42;0.03
0.232422;0.767578;800;42;0.04
0.144814;0.855186;800;42;0.05
0.0221328;0.977867;800;42;0.06
0.0332031;0.966797;800;42;0.07
0.0830078;0.916992;800;42;0.08
0.0703125;0.929688;800;42;0.09
0.0478516;0.952148;800;42;0.1
0.314398;0.685602;900;42;0
0.0327056;0.967294;900;42;0.01
0.0588813;0.941119;900;42;0.02
0.0333333;0.966667;900;42;0.03
0.138672;0.861328;900;42;0.04
0.03125;0.96875;900;42;0.05
0.0276407;0.972359;900;42;0.06
0.0410156;0.958984;900;42;0.07
0.0117188;0.988281;900;42;0.08
0.0488281;0.951172;900;42;0.09
0.0693359;0.930664;900;42;0.1
0.109901;0.890099;1000;42;0
0.0372184;0.962782;1000;42;0.01
0.0898438;0.910156;1000;42;0.02
0.113837;0.886163;1000;42;0.03
0.129159;0.870842;1000;42;0.04
0.126953;0.873047;1000;42;0.05
0.0806293;0.919371;1000;42;0.06
0.0478516;0.952148;1000;42;0.07
0.0546875;0.945312;1000;42;0.08
0.0327056;0.967294;1000;42;0.09
0.0610236;0.938976;1000;42;0.1
0.310277;0.689723;1100;42;0
0.0234375;0.976562;1100;42;0.01
0.0244141;0.975586;1100;42;0.02
0.0558824;0.944118;1100;42;0.03
0.112524;0.887476;1100;42;0.04
0.0576172;0.942383;1100;42;0.05
0.0654297;0.93457;1100;42;0.06
0.0569185;0.943081;1100;42;0.07
0.119141;0.880859;1100;42;0.08
0.0693359;0.930664;1100;42;0.09
0.0294406;0.970559;1100;42;0.1
0.366211;0.633789;1200;42;0
0.130859;0.869141;1200;42;0.01
0.0136719;0.986328;1200;42;0.02
0.0820312;0.917969;1200;42;0.03
0.0342131;0.965787;1200;42;0.04
0.0254902;0.97451;1200;42;0.05
0.0556641;0.944336;1200;42;0.06
0.0439453;0.956055;1200;42;0.07
0.0117188;0.988281;1200;42;0.08
0.100684;0.899316;1200;42;0.09
0.0830078;0.916992;1200;42;0.1
0.369565;0.630435;1300;42;0
0.0996094;0.900391;1300;42;0.01
0.0771484;0.922852;1300;42;0.02
0.0917969;0.908203;1300;42;0.03
0.0955665;0.904433;1300;42;0.04
0.019685;0.980315;1300;42;0.05
0.0391773;0.960823;1300;42;0.06
0.0368159;0.963184;1300;42;0.07
0.0263672;0.973633;1300;42;0.08
0.0957031;0.904297;1300;42;0.09
0.09375;0.90625;1300;42;0.1
0.361328;0.638672;1400;42;0
0.0200602;0.97994;1400;42;0.01
0.0470127;0.952987;1400;42;0.02
0.0917969;0.908203;1400;42;0.03
0.0588813;0.941119;1400;42;0.04
0.0791016;0.920898;1400;42;0.05
0.0294985;0.970501;1400;42;0.06
0.0323847;0.967615;1400;42;0.07
0.0345168;0.965483;1400;42;0.08
0.0371094;0.962891;1400;42;0.09
0.0491159;0.950884;1400;42;0.1
0.326172;0.673828;1500;42;0
0.114258;0.885742;1500;42;0.01
0.0830078;0.916992;1500;42;0.02
0.0342466;0.965753;1500;42;0.03
0;1;1500;42;0.04
0.0244379;0.975562;1500;42;0.05
0.0585938;0.941406;1500;42;0.06
0.0606061;0.939394;1500;42;0.07
0.0332031;0.966797;1500;42;0.08
0.0593472;0.940653;1500;42;0.09
0.0351562;0.964844;1500;42;0.1
0.140719;0.859281;0;43;0
0.0265226;0.973477;0;43;0.01
0.0585938;0.941406;0;43;0.02
0.0420744;0.957926;0;43;0.03
0.0107422;0.989258;0;43;0.04
0.0177165;0.982283;0;43;0.05
0.0273438;0.972656;0;43;0.06
0;1;0;43;0.07
0.0458984;0.954102;0;43;0.08
0.0581281;0.941872;0;43;0.09
0.0128755;0.987124;0;43;0.1
0.272461;0.727539;100;43;0
0.195503;0.804497;100;43;0.01
0.163086;0.836914;100;43;0.02
0.115234;0.884766;100;43;0.03
0.194336;0.805664;100;43;0.04
0.267578;0.732422;100;43;0.05
0.22407;0.77593;100;43;0.06
0.201172;0.798828;100;43;0.07
0.219727;0.780273;100;43;0.08
0.260059;0.739941;100;43;0.09
0.123047;0.876953;100;43;0.1
0.301758;0.698242;200;43;0
0.103516;0.896484;200;43;0.01
0.12793;0.87207;200;43;0.02
0.138672;0.861328;200;43;0.03
0.106445;0.893555;200;43;0.04
0.141602;0.858398;200;43;0.05
0.197266;0.802734;200;43;0.06
0.189453;0.810547;200;43;0.07
0.0879447;0.912055;200;43;0.08
0.0302734;0.969727;200;43;0.09
0.0957031;0.904297;200;43;0.1
0.371205;0.628795;300;43;0
0.0664712;0.933529;300;43;0.01
0.0470588;0.952941;300;43;0.02
0.0761719;0.923828;300;43;0.03
0.146484;0.853516;300;43;0.04
0.202742;0.797258;300;43;0.05
0.196673;0.803327;300;43;0.06
0.0673828;0.932617;300;43;0.07
0.0999021;0.900098;300;43;0.08
0.0556641;0.944336;300;43;0.09
0.125977;0.874023;300;43;0.1
0.325195;0.674805;400;43;0
0.171233;0.828767;400;43;0.01
0.0644531;0.935547;400;43;0.02
0.111328;0.888672;400;43;0.03
0.0859375;0.914062;400;43;0.04
0.0820312;0.917969;400;43;0.05
0.0779093;0.922091;400;43;0.06
0.0439453;0.956055;400;43;0.07
0.0917969;0.908203;400;43;0.08
0.0914454;0.908555;400;43;0.09
0.130859;0.869141;400;43;0.1
0.182711;0.817289;500;43;0
0.0649606;0.935039;500;43;0.01
0.0333988;0.966601;500;43;0.02
0.0849609;0.915039;500;43;0.03
0.166992;0.833008;500;43;0.04
0.182617;0.817383;500;43;0.05
0.100586;0.899414;500;43;0.06
0.0791016;0.920898;500;43;0.07
0.0908203;0.90918;500;43;0.08
0.0791016;0.920898;500;43;0.09
0.0683594;0.931641;500;43;0.1
0.27549;0.72451;600;43;0
0.0285996;0.9714;600;43;0.01
0.0419922;0.958008;600;43;0.02
0.306641;0.693359;600;43;0.03
0.0871694;0.912831;600;43;0.04
0.0654113;0.934589;600;43;0.05
0.0480392;0.951961;600;43;0.06
0.128906;0.871094;600;43;0.07
0.126953;0.873047;600;43;0.08
0.135742;0.864258;600;43;0.09
0.130564;0.869436;600;43;0.1
0.247312;0.752688;700;43;0
0.0869141;0.913086;700;43;0.01
0.0292969;0.970703;700;43;0.02
0.03125;0.96875;700;43;0.03
0.117188;0.882812;700;43;0.04
0.0654297;0.93457;700;43;0.05
0.0693359;0.930664;700;43;0.06
0.152344;0.847656;700;43;0.07
0.037182;0.962818;700;43;0.08
0.0383481;0.961652;700;43;0.09
0.101562;0.898438;700;43;0.1
0.394118;0.605882;800;43;0
0.0253906;0.974609;800;43;0.01
0.12207;0.87793;800;43;0.02
0.0274779;0.972522;800;43;0.03
0.0322266;0.967773;800;43;0.04
0.121212;0.878788;800;43;0.05
0.102639;0.897361;800;43;0.06
0.0505952;0.949405;800;43;0.07
0.0519099;0.94809;800;43;0.08
0.0751953;0.924805;800;43;0.09
0.106968;0.893032;800;43;0.1
0.246535;0.753465;900;43;0
0.0244858;0.975514;900;43;0.01
0.0615234;0.938477;900;43;0.02
0.0810547;0.918945;900;43;0.03
0.212891;0.787109;900;43;0.04
0.010989;0.989011;900;43;0.05
0.0273438;0.972656;900;43;0.06
0.0742188;0.925781;900;43;0.07
0.0435644;0.956436;900;43;0.08
0.0156556;0.984344;900;43;0.09
0.0224609;0.977539;900;43;0.1
0.323242;0.676758;1000;43;0
0.223633;0.776367;1000;43;0.01
0.0306022;0.969398;1000;43;0.02
0.0859375;0.914062;1000;43;0.03
0.0664062;0.933594;1000;43;0.04
0.0646425;0.935358;1000;43;0.05
0.0419922;0.958008;1000;43;0.06
0.0463968;0.953603;1000;43;0.07
0.0411361;0.958864;1000;43;0.08
0.0376238;0.962376;1000;43;0.09
0.111328;0.888672;1000;43;0.1
0.338235;0.661765;1100;43;0
0.0362035;0.963796;1100;43;0.01
0.00976562;0.990234;1100;43;0.02
0.035468;0.964532;1100;43;0.03
0.0306627;0.969337;1100;43;0.04
0.0188119;0.981188;1100;43;0.05
0.0530452;0.946955;1100;43;0.06
0.0472441;0.952756;1100;43;0.07
0.0577299;0.94227;1100;43;0.08
0.0343137;0.965686;1100;43;0.09
0.0791016;0.920898;1100;43;0.1
0.379883;0.620117;1200;43;0
0.0753425;0.924658;1200;43;0.01
0.0304519;0.969548;1200;43;0.02
0.0195886;0.980411;1200;43;0.03
0.0175781;0.982422;1200;43;0.04
0.102539;0.897461;1200;43;0.05
0.0654297;0.93457;1200;43;0.06
0.0637255;0.936275;1200;43;0.07
0.0488281;0.951172;1200;43;0.08
0.0507812;0.949219;1200;43;0.09
0.0791016;0.920898;1200;43;0.1
0.31543;0.68457;1300;43;0
0.00810537;0.991895;1300;43;0.01
0.00588235;0.994118;1300;43;0.02
0.0546875;0.945312;1300;43;0.03
0.0791016;0.920898;1300;43;0.04
0.0430528;0.956947;1300;43;0.05
0.0400391;0.959961;1300;43;0.06
0.0198216;0.980178;1300;43;0.07
0.053816;0.946184;1300;43;0.08
0.0528893;0.947111;1300;43;0.09
0.0410557;0.958944;1300;43;0.1
0.250743;0.749257;1400;43;0
0.0371094;0.962891;1400;43;0.01
0.0490677;0.950932;1400;43;0.02
0.00885827;0.991142;1400;43;0.03
0.0664062;0.933594;1400;43;0.04
0.0569185;0.943081;1400;43;0.05
0.0419922;0.958008;1400;43;0.06
0.0410156;0.958984;1400;43;0.07
0.0449219;0.955078;1400;43;0.08
0.0343474;0.965653;1400;43;0.09
0.0332031;0.966797;1400;43;0.1
0.249023;0.750977;1500;43;0
0.0569745;0.943026;1500;43;0.01
0.0507812;0.949219;1500;43;0.02
0.0811339;0.918866;1500;43;0.03
0.0859375;0.914062;1500;43;0.04
0.0319361;0.968064;1500;43;0.05
0.0458984;0.954102;1500;43;0.06
0.0195312;0.980469;1500;43;0.07
0.00976562;0.990234;1500;43;0.08
0.018664;0.981336;1500;43;0.09
0.0421982;0.957802;1500;43;0.1
0.259443;0.740557;0;44;0
0.0205078;0.979492;0;44;0.01
0.00880626;0.991194;0;44;0.02
0.022977;0.977023;0;44;0.03
0.0080402;0.99196;0;44;0.04
0.00982318;0.990177;0;44;0.05
0.0646425;0.935358;0;44;0.06
0;1;0;44;0.07
0.013013;0.986987;0;44;0.08
0.058651;0.941349;0;44;0.09
0.0322581;0.967742;0;44;0.1
0.327112;0.672888;100;44;0
0.112305;0.887695;100;44;0.01
0.155425;0.844575;100;44;0.02
0.256836;0.743164;100;44;0.03
0.267578;0.732422;100;44;0.04
0.267578;0.732422;100;44;0.05
0.175781;0.824219;100;44;0.06
0.193359;0.806641;100;44;0.07
0.0830078;0.916992;100;44;0.08
0.0791789;0.920821;100;44;0.09
0.146484;0.853516;100;44;0.1
0.374023;0.625977;200;44;0
0.0564516;0.943548;200;44;0.01
0.03125;0.96875;200;44;0.02
0.181641;0.818359;200;44;0.03
0.106445;0.893555;200;44;0.04
0.0966797;0.90332;200;44;0.05
0.15625;0.84375;200;44;0.06
0.0670611;0.932939;200;44;0.07
0.0812133;0.918787;200;44;0.08
0.0849609;0.915039;200;44;0.09
0.0892157;0.910784;200;44;0.1
0.301758;0.698242;300;44;0
0.0996094;0.900391;300;44;0.01
0.249023;0.750977;300;44;0.02
0.147461;0.852539;300;44;0.03
0.189453;0.810547;300;44;0.04
0.243164;0.756836;300;44;0.05
0.166992;0.833008;300;44;0.06
0.0458984;0.954102;300;44;0.07
0.0927734;0.907227;300;44;0.08
0.0947266;0.905273;300;44;0.09
0.128906;0.871094;300;44;0.1
0.356445;0.643555;400;44;0
0.09375;0.90625;400;44;0.01
0.0898438;0.910156;400;44;0.02
0.0619469;0.938053;400;44;0.03
0.0771484;0.922852;400;44;0.04
0.126471;0.873529;400;44;0.05
0.0786627;0.921337;400;44;0.06
0.0888672;0.911133;400;44;0.07
0.0196464;0.980354;400;44;0.08
0.0556641;0.944336;400;44;0.09
0.083089;0.916911;400;44;0.1
0.234084;0.765916;500;44;0
0.0595703;0.94043;500;44;0.01
0.120117;0.879883;500;44;0.02
0.0839844;0.916016;500;44;0.03
0.0527859;0.947214;500;44;0.04
0.0871694;0.912831;500;44;0.05
0.0898438;0.910156;500;44;0.06
0.0383104;0.96169;500;44;0.07
0.0127827;0.987217;500;44;0.08
0.0707965;0.929204;500;44;0.09
0.0576172;0.942383;500;44;0.1
0.153846;0.846154;600;44;0
0.015625;0.984375;600;44;0.01
0.0734574;0.926543;600;44;0.02
0.107422;0.892578;600;44;0.03
0.0195312;0.980469;600;44;0.04
0.0644841;0.935516;600;44;0.05
0.0537109;0.946289;600;44;0.06
0.0537109;0.946289;600;44;0.07
0.101662;0.898338;600;44;0.08
0.0849609;0.915039;600;44;0.09
0.0232794;0.976721;600;44;0.1
0.0927734;0.907227;700;44;0
0.0403147;0.959685;700;44;0.01
0.0167653;0.983235;700;44;0.02
0.0527344;0.947266;700;44;0.03
0.117188;0.882812;700;44;0.04
0.107422;0.892578;700;44;0.05
0.111655;0.888345;700;44;0.06
0.0683594;0.931641;700;44;0.07
0.0615234;0.938477;700;44;0.08
0.113614;0.886386;700;44;0.09
0.136719;0.863281;700;44;0.1
0.138507;0.861493;800;44;0
0.0714286;0.928571;800;44;0.01
0.0849609;0.915039;800;44;0.02
0.043222;0.956778;800;44;0.03
0.0314033;0.968597;800;44;0.04
0.0830078;0.916992;800;44;0.05
0.100586;0.899414;800;44;0.06
0.0800781;0.919922;800;44;0.07
0.119141;0.880859;800;44;0.08
0.0823529;0.917647;800;44;0.09
0.0615836;0.938416;800;44;0.1
0.318359;0.681641;900;44;0
0.0598039;0.940196;900;44;0.01
0.100586;0.899414;900;44;0.02
0.0917969;0.908203;900;44;0.03
0.110352;0.889648;900;44;0.04
0.0987292;0.901271;900;44;0.05
0.0707269;0.929273;900;44;0.06
0.0266798;0.97332;900;44;0.07
0.0400391;0.959961;900;44;0.08
0.0654297;0.93457;900;44;0.09
0.0499022;0.950098;900;44;0.1
0.241413;0.758587;1000;44;0
0.09375;0.90625;1000;44;0.01
0.0664712;0.933529;1000;44;0.02
0.0449219;0.955078;1000;44;0.03
0.0234375;0.976562;1000;44;0.04
0.09375;0.90625;1000;44;0.05
0.0374753;0.962525;1000;44;0.06
0.0253906;0.974609;1000;44;0.07
0.046875;0.953125;1000;44;0.08
0.0175781;0.982422;1000;44;0.09
0.036239;0.963761;1000;44;0.1
0.334961;0.665039;1100;44;0
0.130987;0.869013;1100;44;0.01
0.0195675;0.980433;1100;44;0.02
0.0459883;0.954012;1100;44;0.03
0.0458984;0.954102;1100;44;0.04
0.0590551;0.940945;1100;44;0.05
0.0352941;0.964706;1100;44;0.06
0.0390625;0.960938;1100;44;0.07
0.0869141;0.913086;1100;44;0.08
0.0732422;0.926758;1100;44;0.09
0.0107422;0.989258;1100;44;0.1
0.252041;0.747959;1200;44;0
0.03125;0.96875;1200;44;0.01
0.0908203;0.90918;1200;44;0.02
0.0986328;0.901367;1200;44;0.03
0.0810547;0.918945;1200;44;0.04
0.0517578;0.948242;1200;44;0.05
0.0528893;0.947111;1200;44;0.06
0.0275591;0.972441;1200;44;0.07
0.0664062;0.933594;1200;44;0.08
0.0195312;0.980469;1200;44;0.09
0.00390625;0.996094;1200;44;0.1
0.114398;0.885602;1300;44;0
0.00591133;0.994089;1300;44;0.01
0.0283203;0.97168;1300;44;0.02
0.0722656;0.927734;1300;44;0.03
0.107422;0.892578;1300;44;0.04
0.133789;0.866211;1300;44;0.05
0.112635;0.887365;1300;44;0.06
0.0263672;0.973633;1300;44;0.07
0.0507812;0.949219;1300;44;0.08
0.15332;0.84668;1300;44;0.09
0.15347;0.84653;1300;44;0.1
0.371429;0.628571;1400;44;0
0.0683594;0.931641;1400;44;0.01
0.0244379;0.975562;1400;44;0.02
0.0458984;0.954102;1400;44;0.03
0;1;1400;44;0.04
0.0644531;0.935547;1400;44;0.05
0.0576172;0.942383;1400;44;0.06
0.126953;0.873047;1400;44;0.07
0.104024;0.895976;1400;44;0.08
0.046875;0.953125;1400;44;0.09
0.0723363;0.927664;1400;44;0.1
0.259766;0.740234;1500;44;0
0.0344488;0.965551;1500;44;0.01
0.00878906;0.991211;1500;44;0.02
0.0283203;0.97168;1500;44;0.03
0.0742188;0.925781;1500;44;0.04
0.0758621;0.924138;1500;44;0.05
0.035468;0.964532;1500;44;0.06
0.00292969;0.99707;1500;44;0.07
0.0657507;0.934249;1500;44;0.08
0.0529412;0.947059;1500;44;0.09
0.0540806;0.945919;1500;44;0.1
0.0683168;0.931683;0;45;0
0.0244141;0.975586;0;45;0.01
0.00213675;0.997863;0;45;0.02
0.0215686;0.978431;0;45;0.03
0.0901077;0.909892;0;45;0.04
0.0460784;0.953922;0;45;0.05
0.00901804;0.990982;0;45;0.06
0;1;0;45;0.07
0.0401961;0.959804;0;45;0.08
0.00683594;0.993164;0;45;0.09
0.0380762;0.961924;0;45;0.1
0.29666;0.70334;100;45;0
0.140625;0.859375;100;45;0.01
0.133789;0.866211;100;45;0.02
0.171875;0.828125;100;45;0.03
0.208008;0.791992;100;45;0.04
0.169922;0.830078;100;45;0.05
0.113281;0.886719;100;45;0.06
0.172852;0.827148;100;45;0.07
0.114061;0.885939;100;45;0.08
0.135427;0.864573;100;45;0.09
0.155273;0.844727;100;45;0.1
0.270936;0.729064;200;45;0
0.100586;0.899414;200;45;0.01
0.162109;0.837891;200;45;0.02
0.186523;0.813477;200;45;0.03
0.12207;0.87793;200;45;0.04
0.100586;0.899414;200;45;0.05
0.0585938;0.941406;200;45;0.06
0.116211;0.883789;200;45;0.07
0.132812;0.867188;200;45;0.08
0.323242;0.676758;200;45;0.09
0.0732422;0.926758;200;45;0.1
0.310547;0.689453;300;45;0
0.116211;0.883789;300;45;0.01
0.114738;0.885262;300;45;0.02
0.120117;0.879883;300;45;0.03
0.194336;0.805664;300;45;0.04
0.128906;0.871094;300;45;0.05
0.138672;0.861328;300;45;0.06
0.181641;0.818359;300;45;0.07
0.109375;0.890625;300;45;0.08
0.121094;0.878906;300;45;0.09
0.12207;0.87793;300;45;0.1
0.193676;0.806324;400;45;0
0.0361328;0.963867;400;45;0.01
0.181641;0.818359;400;45;0.02
0.205279;0.794721;400;45;0.03
0.100295;0.899705;400;45;0.04
0.072549;0.927451;400;45;0.05
0.0615234;0.938477;400;45;0.06
0.160156;0.839844;400;45;0.07
0.0432645;0.956735;400;45;0.08
0.0439453;0.956055;400;45;0.09
0.0654297;0.93457;400;45;0.1
0.347099;0.652901;500;45;0
0.130859;0.869141;500;45;0.01
0.0772239;0.922776;500;45;0.02
0.0488281;0.951172;500;45;0.03
0.137255;0.862745;500;45;0.04
0.013834;0.986166;500;45;0.05
0.0615234;0.938477;500;45;0.06
0.103143;0.896857;500;45;0.07
0.121094;0.878906;500;45;0.08
0.128906;0.871094;500;45;0.09
0.0585938;0.941406;500;45;0.1
0.223633;0.776367;600;45;0
0.182796;0.817204;600;45;0.01
0.124877;0.875123;600;45;0.02
0.078125;0.921875;600;45;0.03
0.118744;0.881256;600;45;0.04
0.0847291;0.915271;600;45;0.05
0.0429688;0.957031;600;45;0.06
0.0236453;0.976355;600;45;0.07
0.0276407;0.972359;600;45;0.08
0.026393;0.973607;600;45;0.09
0.0302734;0.969727;600;45;0.1
0.222114;0.777887;700;45;0
0.0341797;0.96582;700;45;0.01
0.0410156;0.958984;700;45;0.02
0.0454995;0.9545;700;45;0.03
0.0556641;0.944336;700;45;0.04
0.046875;0.953125;700;45;0.05
0.0849609;0.915039;700;45;0.06
0.116211;0.883789;700;45;0.07
0.0410156;0.958984;700;45;0.08
0.0332031;0.966797;700;45;0.09
0.0908203;0.90918;700;45;0.1
0.226562;0.773438;800;45;0
0.106445;0.893555;800;45;0.01
0.0673828;0.932617;800;45;0.02
0.0654297;0.93457;800;45;0.03
0.0578999;0.9421;800;45;0.04
0.0480392;0.951961;800;45;0.05
0.043095;0.956905;800;45;0.06
0.0244858;0.975514;800;45;0.07
0.016683;0.983317;800;45;0.08
0.0410156;0.958984;800;45;0.09
0.0226155;0.977384;800;45;0.1
0.219464;0.780536;900;45;0
0.0566406;0.943359;900;45;0.01
0.0694037;0.930596;900;45;0.02
0.0919765;0.908023;900;45;0.03
0.144531;0.855469;900;45;0.04
0.113281;0.886719;900;45;0.05
0.0400391;0.959961;900;45;0.06
0.0285152;0.971485;900;45;0.07
0.0341797;0.96582;900;45;0.08
0.0558276;0.944172;900;45;0.09
0.0635386;0.936461;900;45;0.1
0.200197;0.799803;1000;45;0
0.0820312;0.917969;1000;45;0.01
0.0707965;0.929204;1000;45;0.02
0.0419922;0.958008;1000;45;0.03
0.140625;0.859375;1000;45;0.04
0.210938;0.789062;1000;45;0.05
0.101562;0.898438;1000;45;0.06
0.0644531;0.935547;1000;45;0.07
0.0722656;0.927734;1000;45;0.08
0.0657507;0.934249;1000;45;0.09
0.0488281;0.951172;1000;45;0.1
0.294233;0.705767;1100;45;0
0.0654297;0.93457;1100;45;0.01
0.00390625;0.996094;1100;45;0.02
0.0810547;0.918945;1100;45;0.03
0.0429688;0.957031;1100;45;0.04
0.0117188;0.988281;1100;45;0.05
0.0742188;0.925781;1100;45;0.06
0.0332356;0.966764;1100;45;0.07
0.0679134;0.932087;1100;45;0.08
0.0556641;0.944336;1100;45;0.09
0.133789;0.866211;1100;45;0.1
0.261297;0.738703;1200;45;0
0.0371094;0.962891;1200;45;0.01
0.216797;0.783203;1200;45;0.02
0.251953;0.748047;1200;45;0.03
0.0559921;0.944008;1200;45;0.04
0.0362745;0.963726;1200;45;0.05
0.0146484;0.985352;1200;45;0.06
0.0644531;0.935547;1200;45;0.07
0.0225049;0.977495;1200;45;0.08
0.0507812;0.949219;1200;45;0.09
0.0754902;0.92451;1200;45;0.1
0.280632;0.719368;1300;45;0
0.0537109;0.946289;1300;45;0.01
0.0615234;0.938477;1300;45;0.02
0.0343474;0.965653;1300;45;0.03
0.121094;0.878906;1300;45;0.04
0.0542942;0.945706;1300;45;0.05
0.0274241;0.972576;1300;45;0.06
0.0400391;0.959961;1300;45;0.07
0.0714985;0.928501;1300;45;0.08
0.0534653;0.946535;1300;45;0.09
0.012884;0.987116;1300;45;0.1
0.234375;0.765625;1400;45;0
0.0576172;0.942383;1400;45;0.01
0.0859375;0.914062;1400;45;0.02
0.18457;0.81543;1400;45;0.03
0.143701;0.856299;1400;45;0.04
0.0235988;0.976401;1400;45;0.05
0.0400391;0.959961;1400;45;0.06
0.0634766;0.936523;1400;45;0.07
0.0402355;0.959764;1400;45;0.08
0.0538688;0.946131;1400;45;0.09
0.0136719;0.986328;1400;45;0.1
0.308594;0.691406;1500;45;0
0.0529931;0.947007;1500;45;0.01
0.061886;0.938114;1500;45;0.02
0.0810547;0.918945;1500;45;0.03
0.00593472;0.994065;1500;45;0.04
0.0205078;0.979492;1500;45;0.05
0.0517578;0.948242;1500;45;0.06
0.0373648;0.962635;1500;45;0.07
0.0625;0.9375;1500;45;0.08
0.0567515;0.943249;1500;45;0.09
0.0791016;0.920898;1500;45;0.1
0.212151;0.787849;0;46;0
0.00985222;0.990148;0;46;0.01
0.0371094;0.962891;0;46;0.02
0.0246548;0.975345;0;46;0.03
0.046875;0.953125;0;46;0.04
0.0255152;0.974485;0;46;0.05
0.001001;0.998999;0;46;0.06
0.0412574;0.958743;0;46;0.07
0.0839844;0.916016;0;46;0.08
0.0117878;0.988212;0;46;0.09
0.0294695;0.97053;0;46;0.1
0.321321;0.678679;100;46;0
0.0556641;0.944336;100;46;0.01
0.173828;0.826172;100;46;0.02
0.0902846;0.909715;100;46;0.03
0.132483;0.867517;100;46;0.04
0.289062;0.710938;100;46;0.05
0.349609;0.650391;100;46;0.06
0.173828;0.826172;100;46;0.07
0.155273;0.844727;100;46;0.08
0.206055;0.793945;100;46;0.09
0.105986;0.894014;100;46;0.1
0.292278;0.707722;200;46;0
0.0400391;0.959961;200;46;0.01
0.0556641;0.944336;200;46;0.02
0.102539;0.897461;200;46;0.03
0.0979432;0.902057;200;46;0.04
0.12793;0.87207;200;46;0.05
0.173828;0.826172;200;46;0.06
0.111328;0.888672;200;46;0.07
0.181641;0.818359;200;46;0.08
0.230469;0.769531;200;46;0.09
0.197266;0.802734;200;46;0.1
0.393555;0.606445;300;46;0
0.142578;0.857422;300;46;0.01
0.0889541;0.911046;300;46;0.02
0.0576172;0.942383;300;46;0.03
0.336914;0.663086;300;46;0.04
0.117357;0.882643;300;46;0.05
0.0429688;0.957031;300;46;0.06
0.110454;0.889546;300;46;0.07
0.0810547;0.918945;300;46;0.08
0.0175781;0.982422;300;46;0.09
0.115234;0.884766;300;46;0.1
0.307918;0.692082;400;46;0
0.0791016;0.920898;400;46;0.01
0.0820312;0.917969;400;46;0.02
0.102639;0.897361;400;46;0.03
0.137695;0.862305;400;46;0.04
0.0537109;0.946289;400;46;0.05
0.0835792;0.916421;400;46;0.06
0.154297;0.845703;400;46;0.07
0.0732422;0.926758;400;46;0.08
0.0810547;0.918945;400;46;0.09
0.172852;0.827148;400;46;0.1
0.3294;0.6706;500;46;0
0.211914;0.788086;500;46;0.01
0.160156;0.839844;500;46;0.02
0.0800781;0.919922;500;46;0.03
0.128431;0.871569;500;46;0.04
0.15625;0.84375;500;46;0.05
0.0843137;0.915686;500;46;0.06
0.0078125;0.992188;500;46;0.07
0.129883;0.870117;500;46;0.08
0.107422;0.892578;500;46;0.09
0.0830078;0.916992;500;46;0.1
0.321289;0.678711;600;46;0
0.0779093;0.922091;600;46;0.01
0.0791016;0.920898;600;46;0.02
0.119141;0.880859;600;46;0.03
0.114258;0.885742;600;46;0.04
0.0605469;0.939453;600;46;0.05
0.0644531;0.935547;600;46;0.06
0.0585938;0.941406;600;46;0.07
0.149414;0.850586;600;46;0.08
0.306641;0.693359;600;46;0.09
0.0888672;0.911133;600;46;0.1
0.245117;0.754883;700;46;0
0.243164;0.756836;700;46;0.01
0.135742;0.864258;700;46;0.02
0.0831703;0.91683;700;46;0.03
0.0304818;0.969518;700;46;0.04
0.078125;0.921875;700;46;0.05
0.119141;0.880859;700;46;0.06
0.134766;0.865234;700;46;0.07
0.134766;0.865234;700;46;0.08
0.0615836;0.938416;700;46;0.09
0.017734;0.982266;700;46;0.1
0.142574;0.857426;800;46;0
0.0351906;0.964809;800;46;0.01
0.00683594;0.993164;800;46;0.02
0.0488281;0.951172;800;46;0.03
0.0207921;0.979208;800;46;0.04
0.0488281;0.951172;800;46;0.05
0.131836;0.868164;800;46;0.06
0.0917969;0.908203;800;46;0.07
0.0763957;0.923604;800;46;0.08
0.072763;0.927237;800;46;0.09
0.0283757;0.971624;800;46;0.1
0.189638;0.810362;900;46;0
0.0215054;0.978495;900;46;0.01
0.0146628;0.985337;900;46;0.02
0.0595703;0.94043;900;46;0.03
0.0673828;0.932617;900;46;0.04
0.0563798;0.94362;900;46;0.05
0.0530452;0.946955;900;46;0.06
0.0176817;0.982318;900;46;0.07
0.020649;0.979351;900;46;0.08
0.03125;0.96875;900;46;0.09
0.078125;0.921875;900;46;0.1
0.289062;0.710938;1000;46;0
0.0658153;0.934185;1000;46;0.01
0.0688299;0.93117;1000;46;0.02
0.08619;0.91381;1000;46;0.03
0.039604;0.960396;1000;46;0.04
0.0333988;0.966601;1000;46;0.05
0.0049456;0.995054;1000;46;0.06
0.106445;0.893555;1000;46;0.07
0.03125;0.96875;1000;46;0.08
0.0323529;0.967647;1000;46;0.09
0.0449219;0.955078;1000;46;0.1
0.33366;0.66634;1100;46;0
0.0677134;0.932287;1100;46;0.01
0.0722656;0.927734;1100;46;0.02
0.0263672;0.973633;1100;46;0.03
0.00588235;0.994118;1100;46;0.04
0.030754;0.969246;1100;46;0.05
0.0283757;0.971624;1100;46;0.06
0.0318408;0.968159;1100;46;0.07
0.0917969;0.908203;1100;46;0.08
0.0595703;0.94043;1100;46;0.09
0.0736016;0.926398;1100;46;0.1
0.267578;0.732422;1200;46;0
0.0410156;0.958984;1200;46;0.01
0.0175781;0.982422;1200;46;0.02
0.0658153;0.934185;1200;46;0.03
0.0859375;0.914062;1200;46;0.04
0.0175781;0.982422;1200;46;0.05
0.0332356;0.966764;1200;46;0.06
0.101562;0.898438;1200;46;0.07
0.0541872;0.945813;1200;46;0.08
0.0118694;0.988131;1200;46;0.09
0.0253906;0.974609;1200;46;0.1
0.286422;0.713578;1300;46;0
0.0419922;0.958008;1300;46;0.01
0.0560472;0.943953;1300;46;0.02
0.101562;0.898438;1300;46;0.03
0.021611;0.978389;1300;46;0.04
0.00703518;0.992965;1300;46;0.05
0.00979432;0.990206;1300;46;0.06
0.024558;0.975442;1300;46;0.07
0.0810547;0.918945;1300;46;0.08
0.0634766;0.936523;1300;46;0.09
0.0400391;0.959961;1300;46;0.1
0.334311;0.665689;1400;46;0
0.0527344;0.947266;1400;46;0.01
0.0703125;0.929688;1400;46;0.02
0.0195312;0.980469;1400;46;0.03
0.0939335;0.906067;1400;46;0.04
0.101562;0.898438;1400;46;0.05
0.0491159;0.950884;1400;46;0.06
0.011811;0.988189;1400;46;0.07
0.0352941;0.964706;1400;46;0.08
0.0568627;0.943137;1400;46;0.09
0.0215264;0.978474;1400;46;0.1
0.335616;0.664384;1500;46;0
0.0986328;0.901367;1500;46;0.01
0.0490196;0.95098;1500;46;0.02
0.0458984;0.954102;1500;46;0.03
0.0615836;0.938416;1500;46;0.04
0.0361328;0.963867;1500;46;0.05
0.0185547;0.981445;1500;46;0.06
0.0120361;0.987964;1500;46;0.07
0.0635386;0.936461;1500;46;0.08
0.0862745;0.913725;1500;46;0.09
0.0442478;0.955752;1500;46;0.1
0.320903;0.679097;0;47;0
0.0859375;0.914062;0;47;0.01
0.0585938;0.941406;0;47;0.02
0.0332031;0.966797;0;47;0.03
0.0127077;0.987292;0;47;0.04
0.014014;0.985986;0;47;0.05
0.015625;0.984375;0;47;0.06
0.0146484;0.985352;0;47;0.07
0.0630542;0.936946;0;47;0.08
0.046875;0.953125;0;47;0.09
0.0479922;0.952008;0;47;0.1
0.331055;0.668945;100;47;0
0.146915;0.853085;100;47;0.01
0.118164;0.881836;100;47;0.02
0.0911765;0.908824;100;47;0.03
0.110352;0.889648;100;47;0.04
0.0888672;0.911133;100;47;0.05
0.130392;0.869608;100;47;0.06
0.158203;0.841797;100;47;0.07
0.129883;0.870117;100;47;0.08
0.25;0.75;100;47;0.09
0.0631164;0.936884;100;47;0.1
0.193359;0.806641;200;47;0
0.101662;0.898338;200;47;0.01
0.165039;0.834961;200;47;0.02
0.0825959;0.917404;200;47;0.03
0.0795678;0.920432;200;47;0.04
0.180664;0.819336;200;47;0.05
0.179688;0.820312;200;47;0.06
0.198825;0.801175;200;47;0.07
0.154528;0.845472;200;47;0.08
0.0947266;0.905273;200;47;0.09
0.110128;0.889872;200;47;0.1
0.291992;0.708008;300;47;0
0.137695;0.862305;300;47;0.01
0.109375;0.890625;300;47;0.02
0.0556641;0.944336;300;47;0.03
0.0932287;0.906771;300;47;0.04
0.14956;0.85044;300;47;0.05
0.104492;0.895508;300;47;0.06
0.0224609;0.977539;300;47;0.07
0.049951;0.950049;300;47;0.08
0.0744368;0.925563;300;47;0.09
0.169922;0.830078;300;47;0.1
0.218075;0.781925;400;47;0
0.0606654;0.939335;400;47;0.01
0.0579568;0.942043;400;47;0.02
0.0531496;0.94685;400;47;0.03
0.0816126;0.918387;400;47;0.04
0.0765456;0.923454;400;47;0.05
0.148583;0.851417;400;47;0.06
0.154073;0.845927;400;47;0.07
0.0569745;0.943026;400;47;0.08
0.0168484;0.983152;400;47;0.09
0.0283203;0.97168;400;47;0.1
0.11315;0.88685;500;47;0
0.0322266;0.967773;500;47;0.01
0.0782014;0.921799;500;47;0.02
0.0264706;0.973529;500;47;0.03
0.0274779;0.972522;500;47;0.04
0.103617;0.896383;500;47;0.05
0.0612648;0.938735;500;47;0.06
0.0733855;0.926614;500;47;0.07
0.229492;0.770508;500;47;0.08
0.157227;0.842773;500;47;0.09
0.134051;0.865949;500;47;0.1
0.393555;0.606445;600;47;0
0.0625;0.9375;600;47;0.01
0.0279441;0.972056;600;47;0.02
0.0626223;0.937378;600;47;0.03
0.108398;0.891602;600;47;0.04
0.0419922;0.958008;600;47;0.05
0.0429688;0.957031;600;47;0.06
0.0646425;0.935358;600;47;0.07
0.0351562;0.964844;600;47;0.08
0.0674487;0.932551;600;47;0.09
0.0898438;0.910156;600;47;0.1
0.342773;0.657227;700;47;0
0.0898438;0.910156;700;47;0.01
0.0625;0.9375;700;47;0.02
0.0576172;0.942383;700;47;0.03
0.0697446;0.930255;700;47;0.04
0.0644531;0.935547;700;47;0.05
0.0374016;0.962598;700;47;0.06
0.0235064;0.976494;700;47;0.07
0.0605469;0.939453;700;47;0.08
0.0126953;0.987305;700;47;0.09
0.0175781;0.982422;700;47;0.1
0.351562;0.648438;800;47;0
0.147461;0.852539;800;47;0.01
0.0478516;0.952148;800;47;0.02
0.0908203;0.90918;800;47;0.03
0.0908203;0.90918;800;47;0.04
0.0712891;0.928711;800;47;0.05
0.0371094;0.962891;800;47;0.06
0.110352;0.889648;800;47;0.07
0.0556641;0.944336;800;47;0.08
0.0742188;0.925781;800;47;0.09
0.000976562;0.999023;800;47;0.1
0.286133;0.713867;900;47;0
0.103516;0.896484;900;47;0.01
0.0546875;0.945312;900;47;0.02
0.0666014;0.933399;900;47;0.03
0.0716389;0.928361;900;47;0.04
0.119961;0.880039;900;47;0.05
0.00976562;0.990234;900;47;0.06
0.0107632;0.989237;900;47;0.07
0.0393701;0.96063;900;47;0.08
0.040275;0.959725;900;47;0.09
0.0166016;0.983398;900;47;0.1
0.418945;0.581055;1000;47;0
0.0244618;0.975538;1000;47;0.01
0.0527344;0.947266;1000;47;0.02
0.0442478;0.955752;1000;47;0.03
0.0332031;0.966797;1000;47;0.04
0.0506455;0.949355;1000;47;0.05
0.0481809;0.951819;1000;47;0.06
0.0176817;0.982318;1000;47;0.07
0.013712;0.986288;1000;47;0.08
0.039801;0.960199;1000;47;0.09
0.0566406;0.943359;1000;47;0.1
0.393555;0.606445;1100;47;0
0.0439453;0.956055;1100;47;0.01
0.0488281;0.951172;1100;47;0.02
0.0351562;0.964844;1100;47;0.03
0.0332031;0.966797;1100;47;0.04
0.107422;0.892578;1100;47;0.05
0.0742188;0.925781;1100;47;0.06
0.0410156;0.958984;1100;47;0.07
0.0283203;0.97168;1100;47;0.08
0.0107632;0.989237;1100;47;0.09
0.0606061;0.939394;1100;47;0.1
0.302761;0.697239;1200;47;0
0.0839844;0.916016;1200;47;0.01
0.0908203;0.90918;1200;47;0.02
0.0595703;0.94043;1200;47;0.03
0.0491159;0.950884;1200;47;0.04
0.00393701;0.996063;1200;47;0.05
0.0078125;0.992188;1200;47;0.06
0.142578;0.857422;1200;47;0.07
0.0976562;0.902344;1200;47;0.08
0.0607248;0.939275;1200;47;0.09
0.0234375;0.976562;1200;47;0.1
0.271037;0.728963;1300;47;0
0.133789;0.866211;1300;47;0.01
0.181641;0.818359;1300;47;0.02
0.0664062;0.933594;1300;47;0.03
0.0626223;0.937378;1300;47;0.04
0.0733855;0.926614;1300;47;0.05
0.133789;0.866211;1300;47;0.06
0.0421156;0.957884;1300;47;0.07
0.0537634;0.946237;1300;47;0.08
0.0104932;0.989507;1300;47;0.09
0.00890208;0.991098;1300;47;0.1
0.258824;0.741176;1400;47;0
0.0420332;0.957967;1400;47;0.01
0.0374384;0.962562;1400;47;0.02
0.0200602;0.97994;1400;47;0.03
0.0128968;0.987103;1400;47;0.04
0.0257426;0.974257;1400;47;0.05
0.0216749;0.978325;1400;47;0.06
0.0478516;0.952148;1400;47;0.07
0.0598626;0.940137;1400;47;0.08
0.0224829;0.977517;1400;47;0.09
0.0859375;0.914062;1400;47;0.1
0.380859;0.619141;1500;47;0
0.124023;0.875977;1500;47;0.01
0.0742188;0.925781;1500;47;0.02
0.0508806;0.949119;1500;47;0.03
0.0255152;0.974485;1500;47;0.04
0.0585938;0.941406;1500;47;0.05
0.128906;0.871094;1500;47;0.06
0.172852;0.827148;1500;47;0.07
0.0224609;0.977539;1500;47;0.08
0.0755643;0.924436;1500;47;0.09
0.0941176;0.905882;1500;47;0.1
0.309831;0.690169;0;48;0
0.00691017;0.99309;0;48;0.01
0.0100705;0.989929;0;48;0.02
0.0117302;0.98827;0;48;0.03
0.00976562;0.990234;0;48;0.04
0.0195695;0.980431;0;48;0.05
0.0147348;0.985265;0;48;0.06
0.018591;0.981409;0;48;0.07
0.0156709;0.984329;0;48;0.08
0.0401567;0.959843;0;48;0.09
0.0218905;0.978109;0;48;0.1
0.358398;0.641602;100;48;0
0.110459;0.889541;100;48;0.01
0.188477;0.811523;100;48;0.02
0.166016;0.833984;100;48;0.03
0.132812;0.867188;100;48;0.04
0.112305;0.887695;100;48;0.05
0.231445;0.768555;100;48;0.06
0.355469;0.644531;100;48;0.07
0.178711;0.821289;100;48;0.08
0.0927734;0.907227;100;48;0.09
0.199219;0.800781;100;48;0.1
0.355469;0.644531;200;48;0
0.183594;0.816406;200;48;0.01
0.0966797;0.90332;200;48;0.02
0.0976562;0.902344;200;48;0.03
0.0955665;0.904433;200;48;0.04
0.043095;0.956905;200;48;0.05
0.0556641;0.944336;200;48;0.06
0.0527344;0.947266;200;48;0.07
0.041502;0.958498;200;48;0.08
0.0341797;0.96582;200;48;0.09
0.0761719;0.923828;200;48;0.1
0.267578;0.732422;300;48;0
0.162268;0.837732;300;48;0.01
0.0412979;0.958702;300;48;0.02
0.107422;0.892578;300;48;0.03
0.191781;0.808219;300;48;0.04
0.115271;0.884729;300;48;0.05
0.0733855;0.926614;300;48;0.06
0.0878906;0.912109;300;48;0.07
0.0659449;0.934055;300;48;0.08
0.0635386;0.936461;300;48;0.09
0.145935;0.854065;300;48;0.1
0.419922;0.580078;400;48;0
0.226562;0.773438;400;48;0.01
0.121331;0.878669;400;48;0.02
0.114481;0.885519;400;48;0.03
0.169922;0.830078;400;48;0.04
0.104492;0.895508;400;48;0.05
0.179236;0.820764;400;48;0.06
0.136719;0.863281;400;48;0.07
0.151367;0.848633;400;48;0.08
0.0429142;0.957086;400;48;0.09
0.0478516;0.952148;400;48;0.1
0.402344;0.597656;500;48;0
0.149414;0.850586;500;48;0.01
0.0400391;0.959961;500;48;0.02
0.0917969;0.908203;500;48;0.03
0.0533736;0.946626;500;48;0.04
0.0273438;0.972656;500;48;0.05
0.106445;0.893555;500;48;0.06
0.031031;0.968969;500;48;0.07
0.0351562;0.964844;500;48;0.08
0.15738;0.84262;500;48;0.09
0.14565;0.85435;500;48;0.1
0.267578;0.732422;600;48;0
0.0849609;0.915039;600;48;0.01
0.105469;0.894531;600;48;0.02
0.0791016;0.920898;600;48;0.03
0.0644531;0.935547;600;48;0.04
0.136719;0.863281;600;48;0.05
0.125;0.875;600;48;0.06
0.0926108;0.907389;600;48;0.07
0.0595703;0.94043;600;48;0.08
0.149414;0.850586;600;48;0.09
0.0551181;0.944882;600;48;0.1
0.131836;0.868164;700;48;0
0.113281;0.886719;700;48;0.01
0.0863592;0.913641;700;48;0.02
0.111328;0.888672;700;48;0.03
0.151515;0.848485;700;48;0.04
0.00686275;0.993137;700;48;0.05
0.0479452;0.952055;700;48;0.06
0.0361328;0.963867;700;48;0.07
0.0839844;0.916016;700;48;0.08
0.103516;0.896484;700;48;0.09
0.046169;0.953831;700;48;0.1
0.252456;0.747544;800;48;0
0.0527859;0.947214;800;48;0.01
0.0429688;0.957031;800;48;0.02
0.0353288;0.964671;800;48;0.03
0.0673828;0.932617;800;48;0.04
0.143555;0.856445;800;48;0.05
0.0419922;0.958008;800;48;0.06
0.0283203;0.97168;800;48;0.07
0.0580709;0.941929;800;48;0.08
0.0714985;0.928501;800;48;0.09
0.0214844;0.978516;800;48;0.1
0.204247;0.795753;900;48;0
0.00878906;0.991211;900;48;0.01
0.103516;0.896484;900;48;0.02
0.104492;0.895508;900;48;0.03
0.0214844;0.978516;900;48;0.04
0.0419922;0.958008;900;48;0.05
0.115234;0.884766;900;48;0.06
0.0322266;0.967773;900;48;0.07
0.0549558;0.945044;900;48;0.08
0.0264447;0.973555;900;48;0.09
0.0224609;0.977539;900;48;0.1
0.27832;0.72168;1000;48;0
0.0127451;0.987255;1000;48;0.01
0.0107949;0.989205;1000;48;0.02
0.0285433;0.971457;1000;48;0.03
0.0226601;0.97734;1000;48;0.04
0.0234375;0.976562;1000;48;0.05
0.0119284;0.988072;1000;48;0.06
0.0285433;0.971457;1000;48;0.07
0.0302734;0.969727;1000;48;0.08
0.0830078;0.916992;1000;48;0.09
0.0292969;0.970703;1000;48;0.1
0.28739;0.71261;1100;48;0
0.0127451;0.987255;1100;48;0.01
0.00978474;0.990215;1100;48;0.02
0.114258;0.885742;1100;48;0.03
0.0678466;0.932153;1100;48;0.04
0.0225933;0.977407;1100;48;0.05
0.0285152;0.971485;1100;48;0.06
0.0176471;0.982353;1100;48;0.07
0.0292969;0.970703;1100;48;0.08
0.0421569;0.957843;1100;48;0.09
0.0527344;0.947266;1100;48;0.1
0.235582;0.764418;1200;48;0
0.0449219;0.955078;1200;48;0.01
0.138672;0.861328;1200;48;0.02
0.0810547;0.918945;1200;48;0.03
0.00784314;0.992157;1200;48;0.04
0.0849609;0.915039;1200;48;0.05
0.0908203;0.90918;1200;48;0.06
0.013712;0.986288;1200;48;0.07
0.0195886;0.980411;1200;48;0.08
0.0410156;0.958984;1200;48;0.09
0.0263672;0.973633;1200;48;0.1
0.212745;0.787255;1300;48;0
0.00404449;0.995956;1300;48;0.01
0.0391389;0.960861;1300;48;0.02
0.00695825;0.993042;1300;48;0.03
0.00488281;0.995117;1300;48;0.04
0.0609037;0.939096;1300;48;0.05
0.0424482;0.957552;1300;48;0.06
0.0351562;0.964844;1300;48;0.07
0.0927734;0.907227;1300;48;0.08
0.0107422;0.989258;1300;48;0.09
0.0558276;0.944172;1300;48;0.1
0.307617;0.692383;1400;48;0
0.0869141;0.913086;1400;48;0.01
0.0469667;0.953033;1400;48;0.02
0.0673828;0.932617;1400;48;0.03
0.0647694;0.935231;1400;48;0.04
0.0677134;0.932287;1400;48;0.05
0.0479922;0.952008;1400;48;0.06
0.0478983;0.952102;1400;48;0.07
0.0654297;0.93457;1400;48;0.08
0.0410156;0.958984;1400;48;0.09
0.0599214;0.940079;1400;48;0.1
0.172549;0.827451;1500;48;0
0.0146484;0.985352;1500;48;0.01
0.0910872;0.908913;1500;48;0.02
0.0400391;0.959961;1500;48;0.03
0.0507812;0.949219;1500;48;0.04
0.0722656;0.927734;1500;48;0.05
0.055773;0.944227;1500;48;0.06
0.0585938;0.941406;1500;48;0.07
0.0804711;0.919529;1500;48;0.08
0.0527344;0.947266;1500;48;0.09
0.003003;0.996997;1500;48;0.1
0.141026;0.858974;0;49;0
0.0580709;0.941929;0;49;0.01
0.0258964;0.974104;0;49;0.02
0.0351562;0.964844;0;49;0.03
0.0742188;0.925781;0;49;0.04
0.0566406;0.943359;0;49;0.05
0.0127077;0.987292;0;49;0.06
0.0156709;0.984329;0;49;0.07
0.00300601;0.996994;0;49;0.08
0.0098912;0.990109;0;49;0.09
0.0517578;0.948242;0;49;0.1
0.388016;0.611984;100;49;0
0.103516;0.896484;100;49;0.01
0.0899316;0.910068;100;49;0.02
0.049505;0.950495;100;49;0.03
0.148438;0.851562;100;49;0.04
0.258789;0.741211;100;49;0.05
0.206055;0.793945;100;49;0.06
0.0859375;0.914062;100;49;0.07
0.125;0.875;100;49;0.08
0.114258;0.885742;100;49;0.09
0.150833;0.849167;100;49;0.1
0.322896;0.677104;200;49;0
0.141176;0.858824;200;49;0.01
0.0927734;0.907227;200;49;0.02
0.3125;0.6875;200;49;0.03
0.0791016;0.920898;200;49;0.04
0.0966797;0.90332;200;49;0.05
0.0732422;0.926758;200;49;0.06
0.105469;0.894531;200;49;0.07
0.0512315;0.948768;200;49;0.08
0.111328;0.888672;200;49;0.09
0.136719;0.863281;200;49;0.1
0.201772;0.798228;300;49;0
0.104492;0.895508;300;49;0.01
0.0907298;0.90927;300;49;0.02
0.104594;0.895406;300;49;0.03
0.104492;0.895508;300;49;0.04
0.0255403;0.97446;300;49;0.05
0.078125;0.921875;300;49;0.06
0.125;0.875;300;49;0.07
0.112305;0.887695;300;49;0.08
0.133789;0.866211;300;49;0.09
0.15573;0.84427;300;49;0.1
0.223633;0.776367;400;49;0
0.0773751;0.922625;400;49;0.01
0.0966797;0.90332;400;49;0.02
0.0507812;0.949219;400;49;0.03
0.0986328;0.901367;400;49;0.04
0.092955;0.907045;400;49;0.05
0.198242;0.801758;400;49;0.06
0.0771484;0.922852;400;49;0.07
0.015625;0.984375;400;49;0.08
0.0761719;0.923828;400;49;0.09
0.112305;0.887695;400;49;0.1
0.366928;0.633072;500;49;0
0.0946746;0.905325;500;49;0.01
0.0771484;0.922852;500;49;0.02
0.200195;0.799805;500;49;0.03
0.0507812;0.949219;500;49;0.04
0.108398;0.891602;500;49;0.05
0.147461;0.852539;500;49;0.06
0.128906;0.871094;500;49;0.07
0.131373;0.868627;500;49;0.08
0.144531;0.855469;500;49;0.09
0.240234;0.759766;500;49;0.1
0.315996;0.684004;600;49;0
0.0488281;0.951172;600;49;0.01
0.145508;0.854492;600;49;0.02
0.195312;0.804688;600;49;0.03
0.0966797;0.90332;600;49;0.04
0.111328;0.888672;600;49;0.05
0.0546875;0.945312;600;49;0.06
0.0226155;0.977384;600;49;0.07
0.0206897;0.97931;600;49;0.08
0.0410557;0.958944;600;49;0.09
0.0707965;0.929204;600;49;0.1
0.161923;0.838077;700;49;0
0.0813726;0.918627;700;49;0.01
0.0842311;0.915769;700;49;0.02
0.0537634;0.946237;700;49;0.03
0.053202;0.946798;700;49;0.04
0.0488281;0.951172;700;49;0.05
0.0703125;0.929688;700;49;0.06
0.0644531;0.935547;700;49;0.07
0.0292969;0.970703;700;49;0.08
0.116211;0.883789;700;49;0.09
0.0176125;0.982387;700;49;0.1
0.170898;0.829102;800;49;0
0.054741;0.945259;800;49;0.01
0.0400391;0.959961;800;49;0.02
0.110352;0.889648;800;49;0.03
0.0322581;0.967742;800;49;0.04
0.0341797;0.96582;800;49;0.05
0.0751953;0.924805;800;49;0.06
0.0479922;0.952008;800;49;0.07
0.0263672;0.973633;800;49;0.08
0.0615234;0.938477;800;49;0.09
0.072763;0.927237;800;49;0.1
0.187008;0.812992;900;49;0
0.0683594;0.931641;900;49;0.01
0.0859375;0.914062;900;49;0.02
0.0878906;0.912109;900;49;0.03
0.0998043;0.900196;900;49;0.04
0.0507812;0.949219;900;49;0.05
0.238281;0.761719;900;49;0.06
0.0177515;0.982249;900;49;0.07
0.0559921;0.944008;900;49;0.08
0.0146915;0.985309;900;49;0.09
0.0722656;0.927734;900;49;0.1
0.3125;0.6875;1000;49;0
0.0966797;0.90332;1000;49;0.01
0.0859375;0.914062;1000;49;0.02
0.0675808;0.932419;1000;49;0.03
0.0127202;0.98728;1000;49;0.04
0.0422397;0.95776;1000;49;0.05
0.0722656;0.927734;1000;49;0.06
0.0927734;0.907227;1000;49;0.07
0.0166016;0.983398;1000;49;0.08
0.0244858;0.975514;1000;49;0.09
0.0148075;0.985192;1000;49;0.1
0.104492;0.895508;1100;49;0
0.0372549;0.962745;1100;49;0.01
0.0634766;0.936523;1100;49;0.02
0.0772994;0.922701;1100;49;0.03
0.0878906;0.912109;1100;49;0.04
0.0364532;0.963547;1100;49;0.05
0.0791016;0.920898;1100;49;0.06
0.0507812;0.949219;1100;49;0.07
0.0371094;0.962891;1100;49;0.08
0.0217391;0.978261;1100;49;0.09
0.0283203;0.97168;1100;49;0.1
0.325467;0.674533;1200;49;0
0.0419922;0.958008;1200;49;0.01
0.0566406;0.943359;1200;49;0.02
0.0489716;0.951028;1200;49;0.03
0.0595703;0.94043;1200;49;0.04
0.056696;0.943304;1200;49;0.05
0.0440744;0.955926;1200;49;0.06
0.0214844;0.978516;1200;49;0.07
0.0488759;0.951124;1200;49;0.08
0.0517578;0.948242;1200;49;0.09
0.106758;0.893242;1200;49;0.1
0.327148;0.672852;1300;49;0
0.0830078;0.916992;1300;49;0.01
0.0696078;0.930392;1300;49;0.02
0.0669291;0.933071;1300;49;0.03
0.113725;0.886275;1300;49;0.04
0.0452311;0.954769;1300;49;0.05
0.0539216;0.946078;1300;49;0.06
0.101562;0.898438;1300;49;0.07
0.0888672;0.911133;1300;49;0.08
0.0656219;0.934378;1300;49;0.09
0.0581281;0.941872;1300;49;0.1
0.26908;0.73092;1400;49;0
0.0489237;0.951076;1400;49;0.01
0.0419922;0.958008;1400;49;0.02
0.0361328;0.963867;1400;49;0.03
0.0166016;0.983398;1400;49;0.04
0.0449219;0.955078;1400;49;0.05
0.0615234;0.938477;1400;49;0.06
0.0566406;0.943359;1400;49;0.07
0.0449219;0.955078;1400;49;0.08
0.0439453;0.956055;1400;49;0.09
0.0478516;0.952148;1400;49;0.1
0.174805;0.825195;1500;49;0
0.00298211;0.997018;1500;49;0.01
0.0323529;0.967647;1500;49;0.02
0.0791016;0.920898;1500;49;0.03
0.0458984;0.954102;1500;49;0.04
0.0380859;0.961914;1500;49;0.05
0.037182;0.962818;1500;49;0.06
0.0126953;0.987305;1500;49;0.07
0.106445;0.893555;1500;49;0.08
0.0488281;0.951172;1500;49;0.09
0.0572557;0.942744;1500;49;0.1
0.292444;0.707556;0;50;0
0.0338645;0.966135;0;50;0.01
0.0292969;0.970703;0;50;0.02
0.0717797;0.92822;0;50;0.03
0.0585938;0.941406;0;50;0.04
0.0322266;0.967773;0;50;0.05
0.0273438;0.972656;0;50;0.06
0.0265226;0.973477;0;50;0.07
0.0820312;0.917969;0;50;0.08
0.0839844;0.916016;0;50;0.09
0.0655577;0.934442;0;50;0.1
0.352306;0.647694;100;50;0
0.114258;0.885742;100;50;0.01
0.0722656;0.927734;100;50;0.02
0.107422;0.892578;100;50;0.03
0.108398;0.891602;100;50;0.04
0.128906;0.871094;100;50;0.05
0.12207;0.87793;100;50;0.06
0.101562;0.898438;100;50;0.07
0.121094;0.878906;100;50;0.08
0.24707;0.75293;100;50;0.09
0.102539;0.897461;100;50;0.1
0.366211;0.633789;200;50;0
0.0927734;0.907227;200;50;0.01
0.125977;0.874023;200;50;0.02
0.242395;0.757605;200;50;0.03
0.222114;0.777887;200;50;0.04
0.0361328;0.963867;200;50;0.05
0.102539;0.897461;200;50;0.06
0.121331;0.878669;200;50;0.07
0.09375;0.90625;200;50;0.08
0.0566406;0.943359;200;50;0.09
0.178711;0.821289;200;50;0.1
0.345703;0.654297;300;50;0
0.125367;0.874633;300;50;0.01
0.0576172;0.942383;300;50;0.02
0.0634766;0.936523;300;50;0.03
0.191406;0.808594;300;50;0.04
0.112305;0.887695;300;50;0.05
0.0439453;0.956055;300;50;0.06
0.0636631;0.936337;300;50;0.07
0.0986328;0.901367;300;50;0.08
0.0938416;0.906158;300;50;0.09
0.115234;0.884766;300;50;0.1
0.28867;0.71133;400;50;0
0.028348;0.971652;400;50;0.01
0.0597453;0.940255;400;50;0.02
0.0537634;0.946237;400;50;0.03
0.0576172;0.942383;400;50;0.04
0.0888672;0.911133;400;50;0.05
0.0429688;0.957031;400;50;0.06
0.0108055;0.989195;400;50;0.07
0.00785083;0.992149;400;50;0.08
0.0419922;0.958008;400;50;0.09
0.119608;0.880392;400;50;0.1
0.197845;0.802155;500;50;0
0.0791016;0.920898;500;50;0.01
0.0284314;0.971569;500;50;0.02
0.0528376;0.947162;500;50;0.03
0.0654297;0.93457;500;50;0.04
0.0517578;0.948242;500;50;0.05
0.0706575;0.929343;500;50;0.06
0.120117;0.879883;500;50;0.07
0.0761719;0.923828;500;50;0.08
0.0693359;0.930664;500;50;0.09
0.03125;0.96875;500;50;0.1
0.244618;0.755382;600;50;0
0.131836;0.868164;600;50;0.01
0.028348;0.971652;600;50;0.02
0.0332031;0.966797;600;50;0.03
0.0693359;0.930664;600;50;0.04
0.0283203;0.97168;600;50;0.05
0.0322266;0.967773;600;50;0.06
0.0371094;0.962891;600;50;0.07
0.0380859;0.961914;600;50;0.08
0.123167;0.876833;600;50;0.09
0.133789;0.866211;600;50;0.1
0.33563;0.66437;700;50;0
0.0869141;0.913086;700;50;0.01
0.151367;0.848633;700;50;0.02
0.109375;0.890625;700;50;0.03
0.103516;0.896484;700;50;0.04
0.0244141;0.975586;700;50;0.05
0.0585938;0.941406;700;50;0.06
0.0414201;0.95858;700;50;0.07
0.0742188;0.925781;700;50;0.08
0.0638507;0.936149;700;50;0.09
0.0537109;0.946289;700;50;0.1
0.347656;0.652344;800;50;0
0.167969;0.832031;800;50;0.01
0.178711;0.821289;800;50;0.02
0.0480392;0.951961;800;50;0.03
0.103516;0.896484;800;50;0.04
0.0705882;0.929412;800;50;0.05
0.0458984;0.954102;800;50;0.06
0.0458984;0.954102;800;50;0.07
0.0546875;0.945312;800;50;0.08
0.125245;0.874755;800;50;0.09
0.106445;0.893555;800;50;0.1
0.361328;0.638672;900;50;0
0.0654297;0.93457;900;50;0.01
0.174805;0.825195;900;50;0.02
0.0500491;0.949951;900;50;0.03
0.0625;0.9375;900;50;0.04
0.0353982;0.964602;900;50;0.05
0.058651;0.941349;900;50;0.06
0.155273;0.844727;900;50;0.07
0.170898;0.829102;900;50;0.08
0.112305;0.887695;900;50;0.09
0.0458984;0.954102;900;50;0.1
0.324219;0.675781;1000;50;0
0.100586;0.899414;1000;50;0.01
0.0556641;0.944336;1000;50;0.02
0.0195312;0.980469;1000;50;0.03
0.101562;0.898438;1000;50;0.04
0.0439453;0.956055;1000;50;0.05
0.0607843;0.939216;1000;50;0.06
0.0373281;0.962672;1000;50;0.07
0.0537109;0.946289;1000;50;0.08
0.0410156;0.958984;1000;50;0.09
0.0732422;0.926758;1000;50;0.1
0.288386;0.711614;1100;50;0
0.0517578;0.948242;1100;50;0.01
0.0509804;0.94902;1100;50;0.02
0.0527344;0.947266;1100;50;0.03
0.00878906;0.991211;1100;50;0.04
0.0578999;0.9421;1100;50;0.05
0.116896;0.883104;1100;50;0.06
0.0694716;0.930528;1100;50;0.07
0.0458984;0.954102;1100;50;0.08
0.00976562;0.990234;1100;50;0.09
0.0247036;0.975296;1100;50;0.1
0.269608;0.730392;1200;50;0
0.0842311;0.915769;1200;50;0.01
0.0667976;0.933202;1200;50;0.02
0.0615234;0.938477;1200;50;0.03
0.0224609;0.977539;1200;50;0.04
0;1;1200;50;0.05
0.022549;0.977451;1200;50;0.06
0.0820312;0.917969;1200;50;0.07
0.140625;0.859375;1200;50;0.08
0.111328;0.888672;1200;50;0.09
0.0470588;0.952941;1200;50;0.1
0.295788;0.704212;1300;50;0
0.09375;0.90625;1300;50;0.01
0.0419922;0.958008;1300;50;0.02
0.124266;0.875734;1300;50;0.03
0.0693359;0.930664;1300;50;0.04
0.0316832;0.968317;1300;50;0.05
0.0273438;0.972656;1300;50;0.06
0.0625611;0.937439;1300;50;0.07
0.0302734;0.969727;1300;50;0.08
0.0419922;0.958008;1300;50;0.09
0.0439453;0.956055;1300;50;0.1
0.338867;0.661133;1400;50;0
0.0754902;0.92451;1400;50;0.01
0.0371094;0.962891;1400;50;0.02
0.0117532;0.988247;1400;50;0.03
0.0322266;0.967773;1400;50;0.04
0.163086;0.836914;1400;50;0.05
0.0214844;0.978516;1400;50;0.06
0.0550639;0.944936;1400;50;0.07
0.0303922;0.969608;1400;50;0.08
0.0625;0.9375;1400;50;0.09
0.123047;0.876953;1400;50;0.1
0.331055;0.668945;1500;50;0
0.0207305;0.97927;1500;50;0.01
0.00784314;0.992157;1500;50;0.02
0.00985222;0.990148;1500;50;0.03
0.00699301;0.993007;1500;50;0.04
0.0126953;0.987305;1500;50;0.05
0.0283757;0.971624;1500;50;0.06
0.03125;0.96875;1500;50;0.07
0.0489716;0.951028;1500;50;0.08
0.0253906;0.974609;1500;50;0.09
0.0546875;0.945312;1500;50;0.1
