0;512;512
1;501;500
2;486;529
3;475;547
4;471;547
5;462;542
6;456;539
7;445;550
8;436;556
9;431;564
10;425;560
11;413;557
12;399;574
13;390;590
14;380;603
15;376;611
16;368;626
17;367;650
18;365;653
19;360;655
20;355;659
21;352;665
22;350;654
23;346;653
24;344;656
25;341;664
26;339;684
27;336;688
28;335;677
29;332;685
30;330;679
31;329;685
32;328;690
33;328;685
34;326;686
35;323;696
36;323;696
37;322;691
38;322;694
39;322;688
40;319;705
41;319;702
42;319;705
43;319;694
44;319;690
45;319;690
46;317;697
47;317;693
48;317;706
49;317;705
50;317;698
51;317;699
52;317;707
53;317;706
54;317;701
55;317;697
56;317;707
57;317;707
58;317;702
59;317;703
60;316;699
61;316;693
62;314;697
63;313;711
64;313;708
65;313;707
66;313;711
67;313;705
68;313;694
69;311;704
70;311;704
71;311;702
72;311;706
73;311;705
74;311;712
75;311;713
76;311;705
77;311;706
78;311;700
79;310;710
80;310;710
81;310;713
82;310;711
83;310;708
84;310;712
85;310;714
86;310;714
87;310;708
88;310;709
89;310;714
90;310;709
91;310;704
92;310;704
93;310;710
94;310;711
95;310;706
96;310;696
97;308;695
98;307;712
99;307;713
100;307;712
101;307;704
102;307;699
103;307;711
104;307;704
105;307;699
106;307;695
107;305;708
108;305;707
109;305;717
110;305;710
111;305;705
112;305;719
113;305;719
114;305;714
115;305;714
116;305;710
117;305;712
118;305;707
119;305;717
120;305;717
121;305;719
122;305;714
123;305;716
124;305;707
125;305;704
126;304;708
127;304;715
128;304;706
129;304;713
130;304;714
131;304;718
132;304;720
133;304;718
134;304;720
135;304;716
136;304;707
137;304;706
138;304;698
139;304;718
140;304;719
141;304;720
142;304;713
143;304;714
144;304;709
145;304;711
146;304;704
147;303;720
148;303;721
149;303;714
150;303;712
151;303;714
152;303;721
153;303;713
154;303;710
155;303;700
156;303;712
157;303;719
158;303;710
159;303;705
160;303;699
161;303;705
162;303;704
163;303;717
164;303;721
165;303;716
166;303;718
167;303;708
168;303;710
169;303;700
170;303;713
171;303;716
172;303;718
173;303;710
174;303;718
175;303;719
176;303;721
177;303;721
178;303;720
179;303;713
180;303;708
181;303;704
182;303;699
183;303;707
184;303;720
185;303;721
186;303;720
187;303;712
188;303;718
189;303;711
190;303;709
191;303;721
192;303;721
193;303;712
194;303;721
195;303;721
196;303;717
197;303;720
198;303;721
199;303;716
200;303;709
201;303;712
202;303;713
203;303;720
204;303;714
205;303;713
206;303;708
207;303;711
208;303;712
209;303;708
210;303;714
211;303;710
212;303;706
213;303;713
214;303;714
215;303;717
216;303;714
217;303;715
218;303;721
219;303;713
220;303;705
221;303;713
222;303;706
223;303;717
224;303;711
225;303;705
226;303;701
227;303;700
228;303;705
229;303;713
230;303;721
231;303;721
232;303;721
233;303;721
234;303;720
235;303;715
236;303;714
237;303;707
238;303;717
239;303;718
240;303;713
241;303;707
242;303;708
243;303;707
244;303;703
245;303;717
246;303;710
247;303;721
248;303;720
249;303;721
250;303;720
251;303;719
252;303;715
253;303;710
254;303;714
255;303;716
256;303;721
257;303;721
258;303;721
259;303;721
260;303;721
261;303;711
262;303;720
263;303;716
264;303;718
265;303;710
266;303;709
267;303;721
268;303;717
269;303;721
270;303;721
271;303;710
272;298;726
273;298;725
274;298;720
275;298;725
276;298;726
277;298;722
278;298;723
279;298;725
280;288;736
281;288;736
282;288;726
283;288;724
284;288;731
285;288;736
286;288;736
287;288;726
288;288;730
289;288;722
290;288;718
291;288;713
292;288;719
293;288;725
294;288;722
295;288;720
296;288;735
297;288;735
298;288;735
299;288;736
300;288;736
301;281;743
302;281;736
303;281;739
304;281;738
305;281;742
306;281;743
307;281;743
308;281;738
309;277;747
310;277;747
311;277;740
312;271;753
313;271;748
314;262;762
315;262;755
316;262;752
317;262;748
318;262;751
319;262;760
320;262;754
321;262;760
322;262;762
323;259;765
324;259;757
325;259;758
326;259;758
327;259;758
328;259;749
329;259;751
330;259;756
331;259;759
332;259;757
333;259;755
334;259;764
335;259;759
336;259;752
337;254;770
338;254;770
339;254;765
340;254;767
341;254;770
342;254;767
343;254;765
344;254;765
345;254;770
346;247;773
347;247;777
348;247;777
349;247;777
350;246;778
351;246;777
352;246;778
353;246;778
354;246;775
355;246;765
356;246;757
357;246;777
358;246;778
359;246;778
360;246;775
361;246;778
362;246;771
363;246;765
364;246;766
365;246;759
366;246;771
367;246;771
368;246;763
369;246;758
370;246;765
371;246;765
372;246;765
373;246;770
374;246;778
375;246;771
376;246;775
377;246;766
378;246;775
379;246;775
380;246;771
381;246;778
382;246;775
383;246;765
384;246;775
385;246;771
386;246;769
387;237;774
388;237;774
389;237;771
390;237;782
391;237;785
392;237;784
393;234;790
394;234;782
395;234;773
396;234;777
397;234;770
398;234;772
399;234;769
400;234;790
401;234;781
402;234;784
403;234;790
404;234;781
405;234;790
406;234;784
407;234;776
408;228;796
409;228;796
410;228;796
411;228;790
412;228;796
413;224;800
414;224;800
415;224;793
416;224;794
417;224;787
418;224;782
419;224;796
420;224;794
421;224;788
422;224;786
423;221;789
424;221;794
425;221;803
426;221;796
427;221;790
428;221;793
429;221;790
430;221;791
431;221;785
432;216;804
433;216;800
434;216;797
435;216;797
436;214;804
437;214;807
438;214;810
439;214;810
440;214;809
441;214;805
442;214;796
443;214;805
444;214;798
445;211;797
446;211;798
447;211;791
448;211;795
449;211;809
450;211;804
451;211;808
452;211;809
453;211;809
454;208;816
455;208;808
456;208;814
457;208;807
458;208;804
459;208;816
460;208;810
461;208;802
462;208;812
463;203;821
464;203;820
465;203;821
466;203;812
467;203;808
468;203;800
469;200;816
470;200;810
471;200;824
472;200;823
473;200;824
474;200;818
475;199;825
476;199;818
477;199;825
478;199;818
479;199;825
480;199;823
481;198;825
482;198;826
483;198;820
484;198;810
485;198;813
486;198;822
487;198;823
488;198;826
489;190;834
490;190;827
491;190;823
492;190;824
493;190;834
494;190;834
495;190;824
496;187;828
497;187;837
498;187;832
499;187;833
500;187;828
501;187;830
502;184;834
503;184;840
504;184;840
505;184;840
506;184;840
507;184;840
508;184;840
509;184;832
510;184;832
511;184;837
512;184;838
513;184;840
514;184;838
515;179;840
516;179;835
517;179;833
518;179;834
519;179;845
520;179;845
521;179;841
522;179;845
523;179;845
524;177;847
525;177;847
526;174;843
527;174;843
528;174;850
529;174;850
530;174;850
531;174;847
532;174;845
533;172;845
534;172;848
535;172;852
536;168;853
537;168;855
538;168;855
539;168;854
540;167;854
541;167;857
542;167;851
543;167;857
544;161;863
545;161;863
546;161;855
547;161;862
548;161;863
549;161;863
550;161;857
551;161;860
552;161;863
553;161;859
554;161;859
555;161;860
556;161;860
557;161;851
558;161;847
559;161;861
560;161;859
561;160;863
562;160;864
563;160;862
564;160;864
565;160;854
566;160;857
567;160;864
568;160;864
569;160;864
570;160;863
571;160;855
572;160;859
573;160;864
574;160;864
575;160;855
576;160;860
577;160;864
578;160;862
579;160;864
580;160;857
581;160;864
582;160;859
583;160;864
584;160;859
585;160;857
586;160;860
587;160;855
588;160;857
589;160;864
590;160;864
591;160;857
592;160;864
593;160;863
594;160;864
595;160;860
596;160;860
597;160;860
598;160;858
599;159;865
600;159;855
601;159;852
602;159;861
603;159;853
604;159;860
605;159;860
606;159;856
607;159;849
608;159;850
609;159;865
610;159;865
611;159;865
612;159;863
613;159;860
614;159;856
615;159;864
616;159;865
617;159;861
618;159;862
619;159;854
620;159;860
621;159;855
622;159;860
623;159;865
624;159;863
625;159;864
626;159;865
627;159;859
628;159;849
629;156;859
630;156;863
631;155;860
632;155;866
633;155;869
634;155;869
635;155;867
636;155;869
637;155;861
638;155;869
639;155;869
640;155;868
641;155;869
642;155;868
643;155;860
644;155;865
645;155;858
646;155;866
647;155;869
648;155;866
649;155;864
650;155;862
651;155;869
652;155;869
653;153;868
654;153;867
655;153;861
656;153;858
657;153;849
658;153;861
659;153;867
660;153;869
661;153;871
662;153;870
663;153;871
664;151;873
665;149;870
666;149;861
667;149;854
668;149;871
669;149;865
670;149;865
671;149;858
672;148;870
673;148;876
674;148;871
675;148;876
676;148;876
677;148;874
678;148;876
679;148;876
680;148;867
681;148;870
682;148;876
683;148;874
684;148;876
685;148;872
686;148;875
687;148;872
688;148;876
689;148;874
690;148;876
691;148;870
692;148;861
693;148;870
694;148;874
695;148;872
696;148;862
697;148;873
698;148;876
699;148;868
700;148;867
701;148;869
702;148;869
703;148;872
704;148;875
705;148;867
706;148;865
707;147;869
708;147;870
709;147;863
710;147;865
711;147;873
712;147;877
713;147;877
714;147;877
715;147;873
716;147;877
717;147;877
718;147;867
719;147;874
720;143;881
721;143;880
722;143;881
723;143;881
724;143;880
725;143;873
726;143;871
727;143;878
728;143;870
729;143;881
730;143;881
731;143;881
732;143;871
733;143;865
734;143;880
735;143;881
736;143;881
737;143;880
738;143;881
739;143;881
740;143;881
741;143;876
742;143;875
743;143;873
744;143;874
745;143;873
746;143;872
747;143;878
748;143;881
749;143;878
750;143;874
751;143;867
752;143;868
753;143;873
754;143;881
755;143;880
756;143;881
757;143;881
758;143;881
759;143;872
760;143;864
761;143;874
762;143;867
763;143;862
764;141;883
765;141;881
766;141;882
767;141;882
768;141;883
769;141;882
770;141;882
771;141;876
772;141;876
773;141;882
774;141;882
775;141;876
776;141;870
777;141;866
778;141;869
779;141;883
780;141;876
781;141;878
782;141;878
783;141;883
784;141;876
785;141;870
786;141;880
787;141;883
788;141;882
789;141;883
790;141;876
791;141;883
792;141;877
793;141;883
794;141;876
795;141;878
796;141;883
797;141;879
798;141;880
799;141;876
800;141;879
801;141;883
802;141;882
803;141;883
804;141;883
805;141;878
806;141;883
807;141;881
808;141;877
809;141;883
810;141;883
811;141;883
812;141;880
813;141;870
814;141;873
815;141;882
816;141;872
817;141;880
818;141;883
819;141;883
820;141;881
821;141;877
822;141;879
823;141;883
824;141;883
825;141;883
826;141;881
827;141;880
828;141;875
829;141;882
830;141;883
831;141;883
832;141;880
833;141;883
834;141;883
835;141;877
836;141;871
837;141;883
838;141;883
839;141;883
840;141;883
841;141;873
842;141;874
843;141;883
844;141;875
845;141;872
846;141;883
847;141;883
848;141;883
849;141;883
850;141;879
851;141;883
852;141;883
853;141;883
854;141;883
855;141;872
856;141;883
857;141;883
858;141;883
859;141;879
860;141;875
861;141;880
862;141;883
863;141;882
864;141;874
865;141;879
866;141;877
867;141;883
868;141;880
869;141;870
870;141;870
871;141;883
872;141;881
873;141;883
874;141;883
875;138;886
876;138;883
877;138;873
878;138;876
879;138;886
880;138;886
881;138;881
882;138;885
883;138;886
884;138;886
885;138;879
886;138;875
887;138;881
888;138;877
889;138;872
890;138;882
891;138;877
892;138;882
893;138;881
894;138;877
895;138;877
896;138;886
897;138;877
898;138;886
899;138;886
900;138;880
901;138;886
902;138;884
903;138;884
904;138;886
905;138;880
906;138;886
907;138;886
908;138;886
909;138;886
910;138;884
911;138;885
912;138;884
913;138;878
914;138;886
915;138;886
916;138;878
917;138;882
918;138;881
919;138;884
920;138;875
921;138;886
922;138;886
923;138;879
924;138;883
925;138;876
926;138;872
927;138;884
928;138;885
929;138;876
930;138;871
931;138;867
932;138;868
933;137;879
934;137;880
935;137;876
936;137;872
937;137;866
938;137;869
939;137;878
940;137;872
941;137;869
942;137;876
943;137;883
944;137;878
945;137;873
946;137;874
947;137;884
948;137;887
949;137;879
950;137;872
951;137;887
952;137;884
953;137;887
954;137;881
955;137;877
956;137;882
957;137;887
958;137;887
959;137;887
960;137;887
961;137;880
962;137;877
963;137;880
964;137;873
965;137;870
966;137;869
967;137;875
968;137;878
969;137;878
970;137;887
971;137;884
972;137;887
973;137;887
974;137;881
975;137;881
976;137;875
977;137;873
978;137;887
979;137;887
980;137;887
981;137;886
982;137;887
983;137;878
984;137;874
985;137;881
986;137;887
987;134;890
988;134;885
989;130;888
990;126;891
991;126;884
992;123;897
993;122;889
994;118;895
995;114;906
996;112;912
997;112;908
998;112;912
999;110;907
1000;110;908
1001;110;908
1002;107;917
1003;107;917
1004;107;917
1005;107;917
1006;107;914
1007;106;918
1008;106;918
1009;106;908
1010;104;901
1011;102;902
1012;99;913
1013;99;924
1014;97;927
1015;93;925
1016;93;920
1017;91;926
1018;90;922
1019;89;914
1020;88;932
1021;88;936
1022;88;927
1023;88;928
1024;88;924
1025;88;929
1026;88;918
1027;87;933
1028;87;925
1029;86;930
1030;86;938
1031;86;938
1032;86;938
1033;86;930
1034;86;933
1035;86;938
1036;86;930
1037;86;926
1038;86;938
1039;86;933
1040;86;929
1041;86;938
1042;86;938
1043;84;940
1044;83;941
1045;83;940
1046;83;940
1047;83;938
1048;83;941
1049;83;941
1050;83;941
1051;83;939
1052;83;941
1053;83;936
1054;83;929
1055;83;937
1056;83;937
1057;83;931
1058;82;923
1059;82;928
1060;82;937
1061;82;936
1062;82;937
1063;82;942
1064;82;938
1065;82;942
1066;82;942
1067;82;933
1068;82;936
1069;82;936
1070;80;932
1071;78;923
1072;76;922
1073;74;913
1074;71;932
1075;71;947
1076;71;951
1077;71;939
1078;71;944
1079;71;941
1080;71;931
1081;71;941
1082;71;949
1083;71;953
1084;71;950
1085;71;950
1086;71;948
1087;71;953
1088;71;953
1089;71;948
1090;71;953
1091;69;955
1092;69;954
1093;69;955
1094;69;948
1095;69;955
1096;68;956
1097;68;947
1098;68;948
1099;68;941
1100;67;944
1101;67;957
1102;67;947
1103;67;955
1104;67;947
1105;67;943
1106;67;953
1107;67;957
1108;67;944
1109;67;948
1110;65;943
1111;64;946
1112;64;940
1113;63;952
1114;63;961
1115;63;957
1116;63;953
1117;63;950
1118;63;949
1119;63;939
1120;62;945
1121;62;944
1122;62;953
1123;62;955
1124;61;952
1125;61;953
1126;61;947
1127;61;963
1128;61;956
1129;61;950
1130;61;947
1131;61;949
1132;60;955
1133;60;961
1134;60;954
1135;60;954
1136;60;954
1137;60;946
1138;60;939
1139;59;931
1140;59;921
1141;59;919
1142;58;938
1143;58;954
1144;58;947
1145;58;937
1146;57;939
1147;52;958
1148;52;962
1149;52;961
1150;52;958
1151;52;954
1152;52;962
1153;52;964
1154;52;972
1155;52;961
1156;52;967
1157;52;958
1158;50;969
1159;50;969
1160;50;967
1161;50;970
1162;50;964
1163;50;974
1164;50;974
1165;50;965
1166;50;957
1167;50;961
1168;50;969
1169;50;958
1170;50;946
1171;50;961
1172;50;966
1173;50;972
1174;50;963
1175;50;952
1176;50;969
1177;50;974
1178;50;974
1179;50;974
1180;50;969
1181;50;963
1182;50;955
1183;50;947
1184;49;973
1185;49;974
1186;49;966
1187;49;963
1188;49;965
1189;49;961
1190;48;968
1191;48;975
1192;48;976
1193;48;975
1194;48;970
1195;48;974
1196;48;962
1197;48;976
1198;48;968
1199;48;970
1200;48;971
1201;47;972
1202;47;971
1203;47;971
1204;47;972
1205;47;968
1206;47;956
1207;47;960
1208;47;961
1209;47;970
1210;47;962
1211;47;962
1212;47;967
1213;47;956
1214;47;947
1215;45;963
1216;44;967
1217;43;969
1218;43;966
1219;43;954
1220;43;960
1221;43;981
1222;43;971
1223;43;973
1224;43;967
1225;43;958
1226;43;956
1227;42;968
1228;42;969
1229;42;956
1230;42;974
1231;42;979
1232;42;982
1233;42;973
1234;42;965
1235;42;970
1236;42;963
1237;42;974
1238;42;979
1239;42;982
1240;42;970
1241;41;966
1242;41;967
1243;41;968
1244;41;982
1245;41;971
1246;41;973
1247;41;972
1248;41;972
1249;41;974
1250;41;973
1251;41;982
1252;41;981
1253;41;981
1254;41;973
1255;41;981
1256;41;974
1257;41;982
1258;41;969
1259;41;961
1260;41;965
1261;41;970
1262;40;972
1263;40;962
1264;40;968
1265;40;961
1266;40;966
1267;40;983
1268;40;984
1269;40;971
1270;40;966
1271;40;958
1272;40;976
1273;40;978
1274;40;976
1275;40;971
1276;40;962
1277;40;962
1278;40;954
1279;40;980
1280;40;981
1281;40;973
1282;40;980
1283;40;978
1284;40;982
1285;40;968
1286;40;983
1287;40;974
1288;40;973
1289;40;966
1290;40;977
1291;40;982
1292;40;983
1293;40;979
1294;40;974
1295;40;971
1296;40;975
1297;40;984
1298;40;984
1299;40;973
1300;40;981
1301;40;977
1302;40;979
1303;40;971
1304;40;959
1305;40;951
1306;39;961
1307;39;956
1308;39;968
1309;39;967
1310;39;969
1311;39;964
1312;39;964
1313;39;966
1314;39;957
1315;38;983
1316;38;972
1317;38;975
1318;38;972
1319;38;971
1320;38;973
1321;38;961
1322;38;956
1323;37;958
1324;37;970
1325;37;987
1326;37;977
1327;37;965
1328;37;986
1329;37;987
1330;37;974
1331;37;987
1332;37;980
1333;37;986
1334;37;972
1335;37;980
1336;37;978
1337;37;967
1338;37;972
1339;37;962
1340;37;968
1341;37;969
1342;37;969
1343;37;982
1344;37;982
1345;37;979
1346;37;978
1347;37;984
1348;37;973
1349;37;977
1350;37;980
1351;37;987
1352;37;981
1353;37;977
1354;37;984
1355;37;983
1356;37;985
1357;37;979
1358;37;987
1359;37;983
1360;37;975
1361;37;971
1362;37;979
1363;37;967
1364;37;984
1365;37;970
1366;37;958
1367;37;974
1368;37;987
1369;37;986
1370;37;987
1371;37;987
1372;37;976
1373;37;965
1374;37;982
1375;37;978
1376;37;987
1377;37;987
1378;37;973
1379;37;976
1380;37;967
1381;37;977
1382;37;968
1383;37;967
1384;37;954
1385;37;951
1386;36;968
1387;36;956
1388;36;964
1389;36;984
1390;36;988
1391;36;987
1392;35;989
1393;35;978
1394;35;981
1395;35;972
1396;35;985
1397;35;989
1398;35;985
1399;35;983
1400;35;986
1401;35;977
1402;35;969
1403;35;978
1404;35;976
1405;35;964
1406;35;973
1407;35;969
1408;35;970
1409;35;972
1410;35;985
1411;35;978
1412;35;982
1413;35;989
1414;35;985
1415;35;989
1416;35;988
1417;35;983
1418;35;989
1419;35;989
1420;35;989
1421;35;987
1422;35;989
1423;35;986
1424;35;985
1425;35;971
1426;35;960
1427;35;950
1428;34;974
1429;34;969
1430;34;979
1431;34;990
1432;34;982
1433;34;978
1434;34;981
1435;34;990
1436;34;977
1437;34;976
1438;34;964
1439;34;965
1440;34;960
1441;34;980
1442;34;972
1443;34;984
1444;34;990
1445;34;983
1446;34;981
1447;34;972
1448;34;967
1449;34;970
1450;34;976
1451;34;969
1452;34;979
1453;34;978
1454;34;981
1455;34;985
1456;34;990
1457;34;989
1458;34;990
1459;34;976
1460;34;978
1461;34;978
1462;34;964
1463;34;981
1464;34;980
1465;34;983
1466;34;984
1467;34;988
1468;34;979
1469;34;974
1470;34;971
1471;34;985
1472;34;987
1473;34;980
1474;34;981
1475;34;975
1476;34;978
1477;34;964
1478;34;978
1479;34;967
1480;34;968
1481;34;980
1482;34;980
1483;34;973
1484;34;980
1485;34;975
1486;34;978
1487;34;985
1488;34;983
1489;34;970
1490;34;981
1491;34;983
1492;34;974
1493;34;965
1494;34;986
1495;34;990
1496;34;978
1497;34;981
1498;34;976
1499;34;986
1500;34;990
1501;34;983
1502;34;986
1503;34;976
1504;34;977
1505;34;984
1506;34;971
1507;34;988
1508;34;976
1509;34;983
1510;34;981
1511;34;990
1512;34;990
1513;34;979
1514;34;987
1515;34;986
1516;34;978
1517;34;965
1518;34;974
1519;34;962
1520;34;973
1521;34;967
1522;34;968
1523;34;986
1524;34;980
1525;34;969
1526;34;988
1527;34;987
1528;34;988
1529;34;985
1530;34;990
1531;34;990
1532;34;977
1533;34;983
1534;34;981
1535;34;982
1536;34;977
1537;34;978
1538;34;987
1539;34;990
1540;34;990
1541;34;990
1542;34;981
1543;34;984
1544;34;972
1545;34;984
1546;34;984
1547;34;987
1548;34;986
1549;34;988
1550;34;985
1551;34;983
1552;34;979
1553;34;968
1554;34;965
1555;34;974
1556;34;978
1557;34;984
1558;34;975
1559;34;977
1560;34;975
1561;34;977
1562;34;965
1563;34;975
1564;34;983
1565;34;988
1566;34;990
1567;34;990
1568;34;990
1569;34;980
1570;34;970
1571;34;971
1572;34;982
1573;34;990
1574;34;983
1575;34;975
1576;34;985
1577;34;990
1578;34;990
1579;34;990
1580;34;989
1581;34;979
1582;34;989
1583;34;976
1584;34;968
1585;34;968
1586;34;973
1587;34;984
1588;34;986
1589;34;977
1590;34;975
1591;34;978
1592;34;969
1593;34;990
1594;34;984
1595;34;989
1596;34;980
1597;34;989
1598;34;990
1599;34;980
1600;34;985
1601;34;982
1602;34;970
1603;34;984
1604;34;989
1605;34;987
1606;34;990
1607;34;987
1608;34;983
1609;34;990
1610;34;984
1611;34;980
1612;34;971
1613;34;985
1614;34;973
1615;34;973
1616;34;975
1617;34;985
1618;34;985
1619;34;980
1620;34;968
1621;34;959
1622;34;972
1623;34;977
1624;34;980
1625;34;972
1626;34;960
1627;34;950
1628;34;944
1629;34;934
1630;33;966
1631;33;968
1632;33;956
1633;32;969
1634;32;988
1635;32;992
1636;32;991
1637;32;980
1638;32;989
1639;32;988
1640;32;987
1641;32;979
1642;32;967
1643;32;965
1644;32;987
1645;32;980
1646;32;992
1647;32;991
1648;32;987
1649;32;985
1650;32;973
1651;32;984
1652;32;986
1653;32;990
1654;32;982
1655;32;981
1656;32;969
1657;32;974
1658;32;979
1659;32;992
1660;32;987
1661;32;975
1662;32;976
1663;32;978
1664;32;979
1665;32;981
1666;32;977
1667;32;986
1668;32;981
1669;32;983
1670;32;975
1671;32;989
1672;32;980
1673;32;989
1674;32;987
1675;32;979
1676;32;982
1677;32;978
1678;32;967
1679;32;974
1680;32;975
1681;32;988
1682;32;988
1683;32;988
1684;32;983
1685;32;989
1686;32;989
1687;32;987
1688;32;983
1689;32;982
1690;32;981
1691;32;969
1692;32;970
1693;32;984
1694;32;992
1695;32;980
1696;32;985
1697;32;984
1698;32;992
1699;32;990
1700;32;987
1701;32;990
1702;32;983
1703;32;982
1704;32;990
1705;32;978
1706;32;975
1707;32;977
1708;32;976
1709;32;983
1710;32;987
1711;32;983
1712;32;984
1713;32;990
1714;32;990
1715;32;987
1716;32;979
1717;32;973
1718;32;983
1719;32;979
1720;32;977
1721;32;987
1722;32;986
1723;32;979
1724;32;976
1725;32;969
1726;32;971
1727;32;987
1728;32;992
1729;32;984
1730;32;973
1731;32;989
1732;32;986
1733;32;985
1734;32;985
1735;32;985
1736;32;979
1737;32;966
1738;32;970
1739;32;978
1740;32;990
1741;32;986
1742;32;978
1743;32;973
1744;32;970
1745;32;964
1746;32;982
1747;32;987
1748;32;980
1749;32;979
1750;32;982
1751;32;992
1752;32;982
1753;32;986
1754;32;988
1755;32;986
1756;32;992
1757;32;992
1758;32;992
1759;32;985
1760;32;990
1761;32;981
1762;32;982
1763;32;990
1764;32;992
1765;32;980
1766;32;976
1767;32;991
1768;32;992
1769;32;992
1770;32;978
1771;32;979
1772;32;990
1773;32;982
1774;32;975
1775;32;981
1776;32;989
1777;32;976
1778;32;976
1779;32;983
1780;32;983
1781;32;975
1782;32;977
1783;32;967
1784;32;963
1785;32;969
1786;32;970
1787;32;986
1788;32;983
1789;32;980
1790;32;968
1791;32;990
1792;32;979
1793;32;973
1794;32;989
1795;32;989
1796;32;985
1797;32;983
1798;32;986
1799;32;989
1800;32;988
1801;32;978
1802;32;965
1803;32;977
1804;32;970
1805;32;972
1806;32;980
1807;32;984
1808;32;982
1809;32;984
1810;32;980
1811;32;986
1812;32;992
1813;32;988
1814;32;985
1815;32;990
1816;32;983
1817;32;986
1818;32;989
1819;32;989
1820;32;985
1821;32;990
1822;32;992
1823;32;992
1824;32;983
1825;32;982
1826;32;991
1827;32;988
1828;32;985
1829;32;978
1830;32;979
1831;32;991
1832;32;992
1833;32;983
1834;32;991
1835;32;992
1836;32;988
1837;32;986
1838;32;987
1839;32;975
1840;32;978
1841;32;981
1842;32;974
1843;32;970
1844;32;975
1845;32;967
1846;32;955
1847;31;962
1848;31;972
1849;31;965
1850;31;960
1851;31;967
1852;31;966
1853;31;955
1854;31;965
1855;31;954
1856;31;963
1857;31;975
1858;31;981
1859;31;976
1860;31;978
1861;31;979
1862;31;979
1863;31;985
1864;31;977
1865;31;986
1866;31;978
1867;31;989
1868;31;988
1869;31;982
1870;31;980
1871;31;981
1872;31;985
1873;31;991
1874;31;980
1875;31;985
1876;31;978
1877;31;965
1878;31;983
1879;31;976
1880;30;976
1881;30;989
1882;30;985
1883;30;990
1884;30;993
1885;30;994
1886;30;986
1887;30;992
1888;30;982
1889;30;977
1890;30;987
1891;30;983
1892;30;973
1893;30;985
1894;30;994
1895;30;994
1896;30;983
1897;30;994
1898;30;984
1899;30;986
1900;30;987
1901;30;975
1902;30;986
1903;30;987
1904;30;974
1905;30;989
1906;30;992
1907;30;994
1908;30;992
1909;30;990
1910;30;983
1911;30;988
1912;30;978
1913;30;979
1914;30;993
1915;30;986
1916;30;989
1917;30;975
1918;30;984
1919;30;976
1920;30;989
1921;30;988
1922;30;979
1923;30;965
1924;30;974
1925;30;974
1926;30;985
1927;30;994
1928;30;985
1929;30;994
1930;30;994
1931;30;988
1932;30;993
1933;30;990
1934;30;994
1935;30;990
1936;30;983
1937;30;984
1938;30;976
1939;30;965
1940;30;955
1941;30;975
1942;30;978
1943;30;981
1944;30;989
1945;30;987
1946;30;994
1947;30;982
1948;30;978
1949;30;972
1950;30;989
1951;30;978
1952;30;975
1953;30;976
1954;30;975
1955;30;981
1956;30;988
1957;30;981
1958;30;988
1959;30;984
1960;30;976
1961;30;983
1962;30;993
1963;30;981
1964;30;978
1965;30;986
1966;30;994
1967;30;990
1968;30;992
1969;30;994
1970;30;994
1971;30;988
1972;30;981
1973;30;986
1974;30;994
1975;30;984
1976;30;978
1977;30;988
1978;30;988
1979;30;986
1980;30;982
1981;30;981
1982;30;975
1983;30;988
1984;30;986
1985;30;987
1986;30;977
1987;30;976
1988;30;967
1989;30;979
1990;30;973
1991;30;961
1992;30;992
1993;30;991
1994;30;990
1995;30;988
1996;30;982
1997;30;969
1998;30;989
1999;30;988
2000;30;991
2001;30;993
2002;30;985
2003;30;976
2004;30;982
2005;30;994
2006;30;986
2007;30;982
2008;30;971
2009;30;983
2010;30;993
2011;30;992
2012;30;986
2013;30;982
2014;30;993
2015;30;994
2016;30;988
2017;30;981
2018;30;970
2019;30;969
2020;30;977
2021;30;964
2022;30;972
2023;30;991
2024;30;994
2025;30;987
2026;30;989
2027;30;991
2028;30;985
2029;30;972
2030;30;975
2031;30;971
2032;30;979
2033;30;994
2034;30;993
2035;30;986
2036;30;994
2037;30;988
2038;30;994
2039;30;992
2040;30;981
2041;30;972
2042;30;989
2043;30;987
2044;30;988
2045;30;976
2046;30;982
2047;30;983
2048;30;975
2049;30;978
2050;30;986
2051;30;980
2052;30;981
2053;30;980
2054;30;984
2055;30;981
2056;30;967
2057;30;983
2058;30;984
2059;30;979
2060;30;982
2061;30;968
2062;30;971
2063;30;969
2064;30;980
2065;30;978
2066;30;991
2067;30;989
2068;30;994
2069;30;994
2070;30;990
2071;30;981
2072;30;972
2073;30;962
2074;30;953
2075;29;951
2076;29;963
2077;29;982
2078;29;986
2079;29;984
2080;29;995
2081;29;988
2082;29;980
2083;29;976
2084;29;963
2085;29;986
2086;29;981
2087;29;987
2088;29;993
2089;29;993
2090;29;992
2091;29;988
2092;29;991
2093;29;989
2094;29;993
2095;29;984
2096;29;977
2097;29;986
2098;29;972
2099;29;982
2100;29;980
2101;29;984
2102;29;975
2103;29;969
2104;29;980
2105;29;983
2106;29;981
2107;29;982
2108;29;983
2109;29;983
2110;29;970
2111;29;974
2112;29;979
2113;29;971
2114;29;978
2115;29;966
2116;29;995
2117;29;995
2118;29;987
2119;29;978
2120;29;982
2121;29;992
2122;29;990
2123;29;995
2124;29;995
2125;29;988
2126;29;986
2127;29;984
2128;29;984
2129;29;977
2130;29;976
2131;29;963
2132;29;985
2133;29;979
2134;29;988
2135;29;990
2136;29;992
2137;29;980
2138;29;968
2139;29;989
2140;29;991
2141;29;982
2142;29;984
2143;29;982
2144;29;972
2145;29;962
2146;28;969
2147;28;992
2148;28;996
2149;28;996
2150;28;993
2151;28;985
2152;28;978
2153;28;970
2154;28;974
2155;28;973
2156;28;984
2157;28;980
2158;28;984
2159;28;987
2160;28;978
2161;28;987
2162;28;983
2163;28;983
2164;28;991
2165;28;981
2166;28;981
2167;28;987
2168;28;986
2169;28;975
2170;28;979
2171;28;989
2172;28;983
2173;28;985
2174;28;991
2175;28;987
2176;28;990
2177;28;996
2178;28;987
2179;28;978
2180;28;984
2181;28;994
2182;28;994
2183;28;988
2184;28;985
2185;28;985
2186;28;987
2187;28;987
2188;28;985
2189;28;994
2190;28;996
2191;28;996
2192;28;984
2193;28;989
2194;28;991
2195;28;992
2196;28;985
2197;28;988
2198;28;994
2199;28;984
2200;28;990
2201;28;988
2202;28;983
2203;28;996
2204;28;988
2205;28;991
2206;28;983
2207;28;985
2208;28;996
2209;28;996
2210;28;995
2211;28;995
2212;28;983
2213;28;993
2214;28;988
2215;28;996
2216;28;992
2217;28;989
2218;28;981
2219;28;988
2220;28;984
2221;28;985
2222;28;981
2223;28;977
2224;28;980
2225;28;984
2226;28;991
2227;28;991
2228;28;980
2229;28;996
2230;28;987
2231;28;996
2232;28;985
2233;28;993
2234;28;993
2235;28;984
2236;28;988
2237;28;977
2238;28;970
2239;28;990
2240;28;993
2241;28;991
2242;28;985
2243;28;982
2244;28;983
2245;28;985
2246;28;985
2247;28;992
2248;28;987
2249;28;992
2250;28;986
2251;28;993
2252;28;986
2253;28;976
2254;28;971
2255;28;987
2256;28;993
2257;28;988
2258;28;983
2259;28;988
2260;28;991
2261;28;996
2262;28;996
2263;28;986
2264;28;993
2265;28;982
2266;28;985
2267;28;991
2268;28;985
2269;28;984
2270;28;992
2271;28;987
2272;28;975
2273;28;971
2274;28;973
2275;28;976
2276;28;969
2277;28;957
2278;28;956
2279;27;966
2280;27;982
2281;27;997
2282;27;987
2283;27;983
2284;27;986
2285;27;979
2286;27;983
2287;27;971
2288;27;959
2289;27;957
2290;27;988
2291;27;997
2292;27;992
2293;27;997
2294;27;994
2295;27;990
2296;27;996
2297;27;990
2298;27;977
2299;27;977
2300;27;985
2301;27;996
2302;27;990
2303;27;995
2304;27;989
2305;27;997
2306;27;997
2307;27;985
2308;27;991
2309;27;982
2310;27;991
2311;27;988
2312;27;989
2313;27;991
2314;27;985
2315;27;982
2316;27;973
2317;27;968
2318;27;978
2319;27;992
2320;27;996
2321;27;993
2322;27;991
2323;27;989
2324;27;976
2325;27;964
2326;27;964
2327;27;960
2328;27;961
2329;27;977
2330;27;978
2331;27;982
2332;27;980
2333;27;989
2334;27;987
2335;27;982
2336;27;986
2337;27;982
2338;27;976
2339;27;979
2340;27;968
2341;27;979
2342;27;970
2343;27;969
2344;27;973
2345;27;994
2346;27;997
2347;27;994
2348;27;997
2349;27;996
2350;27;995
2351;27;986
2352;27;986
2353;27;979
2354;27;984
2355;27;981
2356;27;973
2357;27;986
2358;27;981
2359;27;987
2360;27;975
2361;27;982
2362;27;997
2363;27;984
2364;27;982
2365;27;997
2366;27;997
2367;27;993
2368;27;997
2369;27;997
2370;27;990
2371;27;996
2372;27;982
2373;27;988
2374;27;997
2375;27;997
2376;27;988
2377;27;991
2378;27;986
2379;27;993
2380;27;988
2381;27;985
2382;27;993
2383;27;989
2384;27;987
2385;27;988
2386;27;992
2387;27;981
2388;27;985
2389;27;995
2390;27;997
2391;27;997
2392;27;984
2393;27;990
2394;27;981
2395;27;974
2396;26;975
2397;26;986
2398;26;997
2399;26;998
2400;26;997
2401;26;983
2402;26;975
2403;26;968
2404;26;971
2405;26;987
2406;26;980
2407;26;982
2408;26;994
2409;26;998
2410;26;996
2411;26;998
2412;26;996
2413;26;990
2414;26;987
2415;26;986
2416;26;981
2417;26;987
2418;26;987
2419;26;990
2420;26;981
2421;26;983
2422;26;982
2423;26;983
2424;26;994
2425;26;996
2426;26;995
2427;26;998
2428;26;985
2429;26;989
2430;26;991
2431;26;998
2432;26;995
2433;26;998
2434;26;992
2435;26;998
2436;26;989
2437;26;994
2438;26;992
2439;26;986
2440;26;990
2441;26;989
2442;26;996
2443;26;994
2444;26;983
2445;26;995
2446;26;987
2447;26;988
2448;26;994
2449;26;998
2450;26;992
2451;26;983
2452;26;973
2453;26;988
2454;26;982
2455;26;971
2456;26;986
2457;26;992
2458;26;983
2459;26;980
2460;26;983
2461;26;989
2462;26;980
2463;26;998
2464;26;986
2465;26;981
2466;26;997
2467;26;983
2468;26;994
2469;26;990
2470;26;979
2471;26;970
2472;26;983
2473;26;973
2474;26;994
2475;26;998
2476;26;998
2477;26;986
2478;26;980
2479;26;978
2480;26;998
2481;26;989
2482;26;981
2483;26;997
2484;26;991
2485;26;991
2486;26;993
2487;26;998
2488;26;998
2489;26;990
2490;26;989
2491;26;994
2492;26;985
2493;26;997
2494;26;998
2495;26;985
2496;26;982
2497;26;978
2498;26;987
2499;26;987
2500;26;987
2501;26;990
2502;26;980
2503;26;987
2504;26;989
2505;26;994
2506;26;995
2507;26;998
2508;26;989
2509;26;985
2510;26;974
2511;26;987
2512;26;981
2513;26;992
2514;26;993
2515;26;982
2516;26;992
2517;26;998
2518;26;995
2519;26;985
2520;26;988
2521;26;983
2522;26;983
2523;26;990
2524;26;982
2525;26;976
2526;26;989
2527;26;998
2528;26;998
2529;26;997
2530;26;983
2531;26;998
2532;26;998
2533;26;996
2534;26;998
2535;26;998
2536;26;991
2537;26;988
2538;26;992
2539;26;994
2540;26;996
2541;26;988
2542;26;995
2543;26;984
2544;26;970
2545;26;984
2546;26;985
2547;26;982
2548;26;975
2549;26;963
2550;26;962
2551;26;969
2552;26;979
2553;26;991
2554;26;991
2555;26;998
2556;26;992
2557;26;982
2558;26;985
2559;26;980
2560;26;975
2561;26;988
2562;26;998
2563;26;998
2564;26;998
2565;26;998
2566;26;996
2567;26;992
2568;26;996
2569;26;989
2570;26;989
2571;26;975
2572;26;964
2573;26;975
2574;26;995
2575;26;992
2576;26;997
2577;26;989
2578;26;995
2579;26;997
2580;26;986
2581;26;991
2582;26;990
2583;26;985
2584;26;989
2585;26;992
2586;26;984
2587;26;989
2588;26;987
2589;26;980
2590;26;986
2591;26;995
2592;26;993
2593;26;990
2594;26;991
2595;26;982
2596;26;990
2597;26;991
2598;26;990
2599;26;983
2600;26;978
2601;26;985
2602;26;980
2603;26;984
2604;26;988
2605;26;979
2606;26;996
2607;26;994
2608;26;991
2609;26;978
2610;26;986
2611;26;986
2612;26;993
2613;26;992
2614;26;990
2615;26;979
2616;26;993
2617;26;986
2618;26;990
2619;26;998
2620;26;998
2621;26;986
2622;26;981
2623;26;984
2624;26;989
2625;26;998
2626;26;998
2627;26;998
2628;26;984
2629;26;975
2630;26;988
2631;26;981
2632;26;991
2633;26;990
2634;26;997
2635;26;989
2636;26;982
2637;26;979
2638;26;966
2639;26;992
2640;26;989
2641;26;989
2642;26;996
2643;26;988
2644;26;974
2645;26;994
2646;26;988
2647;26;994
2648;26;995
2649;26;984
2650;26;981
2651;26;991
2652;26;991
2653;26;990
2654;26;998
2655;26;992
2656;26;981
2657;26;977
2658;26;966
2659;26;975
2660;26;970
2661;26;992
2662;26;984
2663;26;993
2664;26;998
2665;26;985
2666;26;978
2667;26;986
2668;26;990
2669;26;978
2670;26;981
2671;26;978
2672;26;967
2673;26;982
2674;26;982
2675;26;991
2676;26;978
2677;26;993
2678;26;998
2679;26;988
2680;26;978
2681;26;982
2682;26;989
2683;26;995
2684;26;992
2685;26;986
2686;26;978
2687;26;972
2688;26;997
2689;26;993
2690;26;996
2691;26;993
2692;26;990
2693;26;995
2694;26;984
2695;26;985
2696;26;996
2697;26;995
2698;26;993
2699;26;989
2700;26;987
2701;26;987
2702;26;996
2703;26;983
2704;26;984
2705;26;985
2706;26;993
2707;26;986
2708;26;987
2709;26;985
2710;26;984
2711;26;987
2712;26;985
2713;26;995
2714;26;995
2715;26;996
2716;26;992
2717;26;983
2718;26;984
2719;26;998
2720;26;992
2721;26;996
2722;26;994
2723;26;998
2724;26;998
2725;26;996
2726;26;982
2727;26;984
2728;26;972
2729;26;986
2730;26;991
2731;26;994
2732;26;998
2733;26;985
2734;26;986
2735;26;980
2736;26;986
2737;26;980
2738;26;972
2739;26;994
2740;26;984
2741;26;994
2742;26;997
2743;26;996
2744;26;997
2745;26;998
2746;26;990
2747;26;994
2748;26;998
2749;26;983
2750;26;998
2751;26;983
2752;26;982
2753;26;974
2754;26;977
2755;25;974
2756;25;980
2757;25;987
2758;25;992
2759;25;990
2760;25;994
2761;25;981
2762;25;979
2763;25;969
2764;25;960
2765;25;981
2766;25;991
2767;25;997
2768;25;993
2769;25;999
2770;25;999
2771;25;999
2772;25;986
2773;25;990
2774;25;999
2775;25;991
2776;25;979
2777;25;975
2778;25;976
2779;25;986
2780;25;998
2781;25;992
2782;25;982
2783;25;988
2784;25;988
2785;25;976
2786;25;972
2787;25;987
2788;25;997
2789;25;997
2790;25;992
2791;25;979
2792;25;996
2793;25;999
2794;25;999
2795;25;985
2796;25;980
2797;25;989
2798;25;982
2799;25;995
2800;25;992
2801;25;993
2802;25;998
2803;25;986
2804;25;978
2805;25;992
2806;25;998
2807;25;997
2808;25;999
2809;25;989
2810;25;997
2811;25;997
2812;25;997
2813;25;996
2814;25;988
2815;25;988
2816;25;993
2817;25;991
2818;25;987
2819;25;977
2820;25;970
2821;25;973
2822;25;967
2823;25;981
2824;25;983
2825;25;999
2826;25;999
2827;25;999
2828;25;987
2829;25;981
2830;25;990
2831;25;994
2832;25;999
2833;25;995
2834;25;984
2835;25;985
2836;25;988
2837;25;980
2838;25;985
2839;25;985
2840;25;975
2841;25;997
2842;25;995
2843;25;994
2844;25;998
2845;25;993
2846;25;979
2847;25;981
2848;25;980
2849;25;993
2850;25;998
2851;25;999
2852;25;989
2853;25;988
2854;25;984
2855;25;971
2856;25;973
2857;25;980
2858;25;980
2859;25;993
2860;25;987
2861;25;995
2862;25;986
2863;25;974
2864;25;966
2865;25;964
2866;25;987
2867;25;989
2868;25;985
2869;25;987
2870;25;987
2871;25;997
2872;25;999
2873;25;986
2874;25;986
2875;25;981
2876;25;978
2877;25;983
2878;25;985
2879;25;981
2880;25;981
2881;25;970
2882;25;986
2883;25;988
2884;25;986
2885;25;990
2886;25;985
2887;25;992
2888;25;998
2889;25;997
2890;25;999
2891;25;999
2892;25;999
2893;25;998
2894;25;999
2895;25;999
2896;25;999
2897;25;999
2898;25;999
2899;25;988
2900;25;999
2901;25;999
2902;25;992
2903;25;999
2904;25;999
2905;25;999
2906;25;995
2907;25;999
2908;25;985
2909;25;995
2910;25;999
2911;25;998
2912;25;998
2913;25;994
2914;25;984
2915;25;994
2916;25;995
2917;25;993
2918;25;987
2919;25;974
2920;25;985
2921;25;990
2922;25;999
2923;25;997
2924;25;996
2925;25;999
2926;25;998
2927;25;988
2928;25;990
2929;25;982
2930;25;973
2931;25;974
2932;25;970
2933;25;972
2934;25;961
2935;25;982
2936;25;983
2937;25;981
2938;25;990
2939;25;977
2940;25;989
2941;25;997
2942;25;992
2943;25;996
2944;25;999
2945;25;988
2946;25;990
2947;25;999
2948;25;999
2949;25;996
2950;25;991
2951;25;988
2952;25;976
2953;25;966
2954;24;980
2955;23;986
2956;22;994
2957;21;1003
2958;21;1003
2959;21;1003
2960;21;1003
2961;21;1003
2962;21;1002
2963;21;1001
2964;21;1003
2965;21;1003
2966;21;1002
2967;21;1003
2968;21;1003
2969;21;1003
2970;21;1003
2971;21;1003
2972;21;1000
2973;21;1003
2974;21;1003
2975;21;1001
2976;21;1003
2977;21;1003
2978;21;1001
2979;21;1003
2980;21;1001
2981;21;1003
2982;21;1003
2983;21;1003
2984;21;1001
2985;21;1003
2986;21;1001
2987;21;1003
2988;21;1003
2989;21;1003
2990;21;1003
2991;21;1001
2992;21;1003
2993;21;999
2994;21;1003
2995;21;1002
2996;21;1003
2997;21;1003
2998;21;999
2999;21;1003
3000;21;1002
3001;21;1003
3002;21;1000
3003;21;1003
3004;21;1001
3005;21;1003
3006;21;1003
3007;21;1003
3008;21;1003
3009;21;1000
3010;21;1003
3011;21;1002
3012;21;1003
3013;21;1003
3014;21;1001
3015;21;1003
3016;21;1003
3017;21;1000
3018;21;1003
3019;21;1003
3020;21;999
3021;21;1003
3022;21;1000
3023;21;1001
3024;21;1002
3025;21;1003
3026;21;1000
3027;21;1003
3028;21;1001
3029;21;1003
3030;21;1003
3031;21;1003
3032;21;1000
3033;21;1003
3034;21;1003
3035;21;1003
3036;21;1000
3037;21;1003
3038;21;1003
3039;21;1003
3040;21;1003
3041;21;1003
3042;21;1001
3043;21;1003
3044;21;1003
3045;21;1003
3046;21;1001
3047;21;997
3048;21;1003
3049;21;1003
3050;21;1003
3051;21;1003
3052;21;1003
3053;21;1002
3054;21;1003
3055;21;1003
3056;21;1003
3057;21;1003
3058;21;1003
3059;21;1003
3060;21;1003
3061;21;999
3062;21;997
3063;21;1001
3064;21;997
3065;21;1003
3066;21;1003
3067;21;1003
3068;21;1000
3069;21;1003
3070;21;1003
3071;21;1003
3072;21;1003
3073;21;1001
3074;21;1000
3075;21;1000
3076;21;1003
3077;21;998
3078;21;1003
3079;21;1003
3080;21;1003
3081;21;999
3082;21;1001
3083;21;1003
3084;21;1003
3085;21;1003
3086;21;999
3087;21;998
3088;21;1003
3089;19;1005
3090;18;1006
3091;18;1002
3092;18;1004
3093;18;1006
3094;18;1006
3095;18;1004
3096;18;1006
3097;18;1004
3098;18;1004
3099;18;1000
3100;18;1006
3101;18;1006
3102;18;1006
3103;18;1006
3104;18;1006
3105;18;1006
3106;18;1002
3107;17;1007
3108;16;1008
3109;16;1008
3110;16;1008
3111;16;1003
3112;16;1008
3113;16;1005
3114;16;1003
3115;16;1008
3116;16;1008
3117;16;1006
3118;16;1008
3119;16;1008
3120;16;1008
3121;16;1008
3122;16;1006
3123;16;1005
3124;16;1008
3125;16;1007
3126;16;1005
3127;16;1002
3128;16;1008
3129;16;1008
3130;16;1008
3131;16;1008
3132;16;1007
3133;16;1003
3134;16;1008
3135;16;1005
3136;16;1004
3137;16;1008
3138;16;1008
3139;16;1007
3140;16;1008
3141;16;1008
3142;16;1008
3143;16;1008
3144;16;1004
3145;16;1008
3146;16;1004
3147;16;1008
3148;16;1006
3149;16;1008
3150;16;1007
3151;16;1008
3152;16;1003
3153;16;1005
3154;16;1008
3155;16;1005
3156;16;1008
3157;16;1008
3158;16;1008
3159;16;1005
3160;16;1002
3161;16;1007
3162;16;1008
3163;16;1008
3164;16;1008
3165;16;1008
3166;16;1008
3167;16;1008
3168;16;1008
3169;16;1008
3170;16;1008
3171;16;1008
3172;16;1003
3173;16;1004
3174;16;1008
3175;16;1007
3176;16;1008
3177;16;1004
3178;16;1008
3179;16;1008
3180;16;1003
3181;16;1003
3182;16;1008
3183;16;1005
3184;16;1008
3185;16;1003
3186;16;1000
3187;16;1008
3188;16;1008
3189;16;1008
3190;16;1008
3191;16;1006
3192;16;1008
3193;16;1008
3194;16;1008
3195;16;1008
3196;16;1008
3197;16;1008
3198;16;1008
3199;16;1002
3200;16;1002
3201;16;1008
3202;16;1008
3203;16;1008
3204;16;1004
3205;16;1007
3206;16;1006
3207;16;1008
3208;16;1007
3209;16;1008
3210;16;1002
3211;16;1008
3212;16;1008
3213;16;1008
3214;16;1008
3215;16;1005
3216;16;1008
3217;16;1008
3218;16;1008
3219;16;1007
3220;16;1008
3221;16;1008
3222;16;1008
3223;16;1005
3224;16;1007
3225;16;1008
3226;16;1003
3227;16;1008
3228;16;1008
3229;16;1007
3230;16;1004
3231;16;1008
3232;16;1008
3233;16;1007
3234;16;1008
3235;16;1002
3236;16;1008
3237;16;1008
3238;16;1002
3239;16;1008
3240;16;1007
3241;16;1008
3242;16;1006
3243;16;1005
3244;16;1008
3245;16;1006
3246;16;1008
3247;16;1008
3248;16;1008
3249;16;1008
3250;16;1003
3251;16;1007
3252;16;1005
3253;16;1003
3254;16;1008
3255;16;1008
3256;16;1008
3257;16;1004
3258;16;1008
3259;16;1004
3260;16;1005
3261;16;1008
3262;16;1006
3263;16;1008
3264;16;1008
3265;16;1008
3266;16;1008
3267;16;1008
3268;16;1008
3269;16;1008
3270;16;1008
3271;16;1008
3272;16;1008
3273;16;1008
3274;16;1002
3275;16;1008
3276;16;1008
3277;16;1008
3278;16;1004
3279;16;1008
3280;16;1008
3281;16;1008
3282;16;1008
3283;16;1007
3284;16;1008
3285;16;1006
3286;16;1004
3287;16;1006
3288;16;1002
3289;16;1002
3290;16;1008
3291;16;1006
3292;16;1004
3293;16;1008
3294;16;1008
3295;16;1003
3296;16;1008
3297;16;1008
3298;16;1005
3299;16;1008
3300;16;1008
3301;16;1006
3302;16;1008
3303;16;1008
3304;16;1008
3305;16;1008
3306;16;1005
3307;16;1002
3308;16;1008
3309;16;1008
3310;16;1008
3311;16;1008
3312;16;1008
3313;16;1007
3314;16;1007
3315;16;1008
3316;16;1006
3317;16;1001
3318;16;1007
3319;16;1008
3320;16;1008
3321;16;1008
3322;16;1008
3323;16;1007
3324;16;1008
3325;16;1008
3326;16;1008
3327;16;1008
3328;16;1008
3329;16;1005
3330;16;1006
3331;16;1008
3332;16;1001
3333;16;1008
3334;16;1008
3335;16;1006
3336;16;1007
3337;16;1004
3338;16;1000
3339;16;1005
3340;16;1008
3341;16;1008
3342;16;1008
3343;16;1006
3344;16;1008
3345;16;1008
3346;16;1008
3347;16;1007
3348;16;1008
3349;16;1008
3350;16;1008
3351;16;1008
3352;16;1008
3353;16;1006
3354;16;1008
3355;16;1008
3356;16;1008
3357;16;1008
3358;16;1008
3359;16;1008
3360;16;1008
3361;16;1008
3362;16;1000
3363;16;1003
3364;16;1008
3365;16;1006
3366;16;1008
3367;16;1008
3368;16;1008
3369;16;1007
3370;16;1002
3371;16;1007
3372;16;1007
3373;16;1005
3374;16;1003
3375;16;1008
3376;16;1008
3377;16;1008
3378;16;1004
3379;16;1002
3380;16;1000
3381;16;1008
3382;16;1007
3383;16;1008
3384;16;1008
3385;16;1005
3386;16;1008
3387;16;1008
3388;16;1008
3389;16;1008
3390;16;1004
3391;16;1006
3392;16;1007
3393;16;1006
3394;16;1007
3395;16;1007
3396;16;1007
3397;16;1005
3398;16;1008
3399;16;1008
3400;16;1005
3401;16;1008
3402;16;1008
3403;16;1008
3404;16;1008
3405;16;1005
3406;16;1008
3407;16;1008
3408;16;1008
3409;16;1008
3410;16;1003
3411;16;1005
3412;16;1008
3413;16;1008
3414;16;1008
3415;16;1002
3416;16;1008
3417;16;1008
3418;16;1003
3419;16;1004
3420;16;1000
3421;16;1002
3422;16;1005
3423;16;1003
3424;16;1008
3425;16;1008
3426;16;1005
3427;16;1007
3428;16;1008
3429;16;1008
3430;16;1003
3431;16;1005
3432;16;1008
3433;16;1002
3434;16;1008
3435;16;1005
3436;16;1008
3437;16;1008
3438;16;1008
3439;16;1008
3440;16;1008
3441;16;1008
3442;16;1007
3443;16;1008
3444;16;1008
3445;16;1008
3446;16;1008
3447;16;1008
3448;16;1008
3449;16;1007
3450;16;1001
3451;16;1008
3452;16;1003
3453;16;1008
3454;16;1008
3455;16;1008
3456;16;1004
3457;16;1008
3458;16;1008
3459;16;1007
3460;16;1008
3461;16;1008
3462;16;1008
3463;16;1008
3464;16;1004
3465;16;1006
3466;16;1008
3467;16;1003
3468;16;1000
3469;16;1008
3470;16;1006
3471;16;1002
3472;16;1006
3473;16;1008
3474;16;1008
3475;16;1008
3476;16;1005
3477;16;1005
3478;16;1007
3479;16;1005
3480;16;1008
3481;16;1008
3482;16;1008
3483;16;1002
3484;16;1005
3485;16;1004
3486;16;1008
3487;16;1008
3488;16;1008
3489;16;1004
3490;16;1005
3491;16;1008
3492;16;1008
3493;16;1008
3494;16;1008
3495;16;1001
3496;16;1008
3497;16;1007
3498;16;1008
3499;16;1004
3500;16;1008
3501;16;1008
3502;16;1008
3503;15;1009
3504;15;1009
3505;15;1009
3506;15;1009
3507;15;1009
3508;15;1006
3509;15;1005
3510;15;1009
3511;15;1003
3512;15;1009
3513;15;1003
3514;15;1000
3515;15;1009
3516;15;1009
3517;15;1007
3518;15;1009
3519;15;1009
3520;15;1004
3521;15;1007
3522;15;1009
3523;15;1009
3524;15;1006
3525;15;1004
3526;15;1009
3527;15;1009
3528;15;1008
3529;15;1009
3530;15;1009
3531;15;1009
3532;15;1009
3533;15;1008
3534;15;1005
3535;15;1009
3536;15;1009
3537;15;1009
3538;15;1008
3539;15;1009
3540;15;1007
3541;15;1006
3542;15;1005
3543;15;1009
3544;15;1009
3545;15;1009
3546;15;1009
3547;15;1005
3548;15;1007
3549;15;1009
3550;15;1009
3551;15;1009
3552;15;1005
3553;15;1009
3554;15;1007
3555;15;1003
3556;15;1009
3557;15;1009
3558;15;1008
3559;15;1006
3560;15;1009
3561;15;1006
3562;15;1001
3563;15;1007
3564;15;1008
3565;15;1009
3566;15;1009
3567;15;1004
3568;15;1007
3569;15;1008
3570;15;1009
3571;15;1009
3572;15;1009
3573;15;1007
3574;15;1009
3575;15;1009
3576;15;1009
3577;15;1008
3578;15;1009
3579;15;1009
3580;15;1004
3581;15;1009
3582;15;1009
3583;15;1008
3584;15;1009
3585;15;1006
3586;15;1002
3587;15;1002
3588;15;1006
3589;15;1009
3590;15;1009
3591;15;1009
3592;15;1009
3593;15;1009
3594;15;1009
3595;15;1009
3596;15;1009
3597;15;1009
3598;15;1009
3599;15;1009
3600;15;1009
3601;15;1009
3602;15;1009
3603;15;1009
3604;15;1009
3605;15;1009
3606;15;1009
3607;15;1009
3608;15;1009
3609;15;1007
3610;15;1009
3611;15;1009
3612;15;1009
3613;15;1009
3614;15;1009
3615;15;1009
3616;15;1009
3617;15;1007
3618;15;1009
3619;15;1009
3620;15;1007
3621;15;1009
3622;15;1009
3623;15;1009
3624;15;1009
3625;15;1007
3626;15;1009
3627;15;1009
3628;15;1008
3629;15;1009
3630;15;1009
3631;15;1009
3632;15;1007
3633;15;1009
3634;15;1009
3635;15;1009
3636;15;1009
3637;15;1009
3638;15;1009
3639;15;1004
3640;15;1001
3641;15;1009
3642;15;1007
3643;15;1009
3644;15;1009
3645;15;1009
3646;15;1009
3647;15;1003
3648;15;1007
3649;15;1008
3650;15;1009
3651;15;1004
3652;15;1009
3653;15;1005
3654;15;1006
3655;15;1009
3656;15;1009
3657;15;1009
3658;15;1005
3659;15;1008
3660;15;1008
3661;15;1009
3662;15;1009
3663;15;1009
3664;15;1009
3665;15;1009
3666;15;1004
3667;15;1009
3668;15;1009
3669;15;1009
3670;15;1009
3671;15;1009
3672;15;1006
3673;15;1009
3674;15;1009
3675;15;1009
3676;15;1005
3677;15;1003
3678;15;1009
3679;15;1009
3680;15;1009
3681;15;1009
3682;15;1009
3683;15;1009
3684;15;1009
3685;15;1009
3686;15;1009
3687;15;1009
3688;15;1009
3689;15;1009
3690;15;1006
3691;15;1008
3692;15;1009
3693;15;1009
3694;15;1006
3695;15;1009
3696;15;1009
3697;15;1009
3698;15;1008
3699;15;1009
3700;15;1007
3701;15;1009
3702;15;1009
3703;15;1009
3704;15;1009
3705;15;1008
3706;15;1005
3707;15;1002
3708;15;1009
3709;15;1009
3710;15;1009
3711;15;1009
3712;15;1005
3713;15;1009
3714;15;1008
3715;15;1009
3716;15;1009
3717;15;1004
3718;15;1003
3719;15;1009
3720;15;1009
3721;15;1008
3722;15;1006
3723;15;1008
3724;15;1006
3725;15;1006
3726;15;1009
3727;15;1009
3728;15;1009
3729;15;1009
3730;15;1008
3731;15;1009
3732;15;1009
3733;15;1008
3734;15;1009
3735;15;1009
3736;15;1006
3737;15;1009
3738;15;1009
3739;15;1009
3740;15;1009
3741;15;1009
3742;15;1007
3743;15;1006
3744;15;1009
3745;15;1009
3746;15;1009
3747;15;1009
3748;15;1009
3749;15;1009
3750;15;1009
3751;15;1004
3752;15;1009
3753;15;1009
3754;15;1007
3755;15;1009
3756;15;1009
3757;15;1006
3758;15;1007
3759;15;1009
3760;15;1007
3761;15;1009
3762;15;1009
3763;15;1006
3764;15;1009
3765;15;1009
3766;15;1004
3767;15;1003
3768;15;1004
3769;15;1009
3770;15;1009
3771;15;1009
3772;15;1006
3773;15;1009
3774;15;1009
3775;15;1005
3776;15;1009
3777;14;1010
3778;14;1010
3779;14;1006
3780;14;1008
3781;14;1010
3782;14;1010
3783;14;1010
3784;14;1010
3785;14;1010
3786;14;1010
3787;14;1007
3788;14;1010
3789;14;1010
3790;14;1008
3791;14;1010
3792;14;1010
3793;14;1008
3794;14;1010
3795;14;1009
3796;14;1004
3797;14;1002
3798;14;1010
3799;14;1010
3800;14;1009
3801;14;1005
3802;14;1002
3803;14;1010
3804;14;1007
3805;14;1010
3806;14;1010
3807;14;1010
3808;14;1010
3809;14;1010
3810;14;1004
3811;14;1010
3812;14;1010
3813;14;1009
3814;14;1009
3815;14;1010
3816;14;1010
3817;14;1010
3818;14;1010
3819;14;1009
3820;14;1007
3821;14;1010
3822;14;1010
3823;14;1010
3824;14;1007
3825;14;1003
3826;14;1008
3827;14;1008
3828;14;1010
3829;14;1010
3830;14;1009
3831;14;1010
3832;14;1007
3833;14;1010
3834;14;1007
3835;14;1007
3836;14;1010
3837;14;1008
3838;14;1010
3839;14;1010
3840;14;1005
3841;14;1010
3842;14;1010
3843;14;1010
3844;14;1005
3845;14;1010
3846;14;1010
3847;14;1010
3848;14;1010
3849;14;1010
3850;14;1010
3851;14;1010
3852;14;1009
3853;14;1010
3854;14;1009
3855;14;1010
3856;14;1010
3857;14;1010
3858;14;1008
3859;14;1004
3860;14;1010
3861;14;1010
3862;14;1005
3863;14;1010
3864;14;1010
3865;14;1004
3866;14;1010
3867;14;1008
3868;14;1010
3869;14;1010
3870;14;1005
3871;14;1010
3872;14;1010
3873;14;1008
3874;14;1010
3875;14;1008
3876;14;1010
3877;14;1010
3878;14;1008
3879;14;1010
3880;14;1010
3881;14;1010
3882;14;1009
3883;14;1010
3884;14;1009
3885;14;1004
3886;14;1010
3887;14;1010
3888;14;1010
3889;14;1004
3890;14;1010
3891;14;1010
3892;14;1010
3893;14;1010
3894;14;1005
3895;14;1008
3896;14;1006
3897;14;1008
3898;14;1004
3899;14;1006
3900;14;1004
3901;14;1009
3902;14;1010
3903;14;1010
3904;14;1010
3905;14;1010
3906;14;1005
3907;14;1005
3908;14;1010
3909;14;1010
3910;14;1008
3911;14;1010
3912;14;1010
3913;14;1003
3914;14;1005
3915;14;1010
3916;14;1007
3917;14;1002
3918;14;1010
3919;14;1010
3920;14;1010
3921;14;1006
3922;14;1010
3923;14;1008
3924;14;1010
3925;14;1010
3926;14;1008
3927;14;1009
3928;14;1010
3929;14;1005
3930;14;1005
3931;14;1010
3932;14;1010
3933;14;1006
3934;14;1010
3935;14;1010
3936;14;1010
3937;14;1010
3938;14;1010
3939;14;1008
3940;14;1010
3941;14;1010
3942;14;1010
3943;14;1010
3944;14;1010
3945;14;1010
3946;14;1004
3947;14;1003
3948;14;1010
3949;14;1010
3950;14;1010
3951;14;1010
3952;14;1009
3953;14;1010
3954;14;1010
3955;14;1007
3956;14;1008
3957;14;1009
3958;14;1010
3959;14;1010
3960;14;1009
3961;14;1010
3962;14;1010
3963;14;1010
3964;14;1010
3965;14;1010
3966;14;1010
3967;14;1010
3968;14;1005
3969;14;1010
3970;14;1006
3971;14;1010
3972;14;1009
3973;14;1006
3974;14;1003
3975;14;1009
3976;14;1008
3977;14;1010
3978;14;1010
3979;14;1009
3980;14;1010
3981;14;1010
3982;14;1010
3983;14;1008
3984;14;1010
3985;14;1009
3986;14;1010
3987;14;1006
3988;14;1002
3989;14;1000
3990;14;1010
3991;14;1010
3992;14;1010
3993;14;1009
3994;14;1005
3995;14;1010
3996;14;1007
3997;14;1010
3998;14;1010
3999;14;1010
4000;14;1004
4001;14;1010
4002;14;1008
4003;14;1010
4004;14;1010
4005;14;1010
4006;14;1004
4007;14;1010
4008;14;1010
4009;14;1010
4010;14;1010
4011;14;1010
4012;14;1006
4013;14;1010
4014;14;1007
4015;14;1010
4016;14;1008
4017;14;1010
4018;14;1010
4019;14;1010
4020;14;1006
4021;14;1010
4022;14;1008
4023;14;1009
4024;14;1010
4025;14;1006
4026;14;1005
4027;14;1010
4028;14;1010
4029;14;1008
4030;14;1009
4031;14;1005
4032;14;1010
4033;14;1010
4034;14;1010
4035;14;1010
4036;14;1010
4037;14;1010
4038;14;1010
4039;14;1004
4040;14;1010
4041;14;1007
4042;14;1010
4043;14;1010
4044;14;1008
4045;14;1002
4046;14;1005
4047;14;1010
4048;14;1010
4049;14;1010
4050;14;1008
4051;14;1010
4052;14;1008
4053;14;1005
4054;14;1010
4055;14;1010
4056;14;1010
4057;14;1003
4058;14;1010
4059;14;1010
4060;14;1010
4061;14;1008
4062;14;1010
4063;12;1012
4064;12;1009
4065;12;1012
4066;12;1012
4067;12;1012
4068;12;1010
4069;12;1012
4070;12;1012
4071;12;1006
4072;12;1012
4073;12;1010
4074;12;1012
4075;12;1012
4076;12;1012
4077;12;1008
4078;12;1012
4079;12;1010
4080;12;1008
4081;12;1008
4082;12;1012
4083;12;1012
4084;12;1012
4085;12;1008
4086;12;1012
4087;12;1008
4088;12;1010
4089;12;1012
4090;12;1009
4091;12;1004
4092;12;1012
4093;12;1012
4094;12;1008
4095;12;1012
4096;12;1012
4097;12;1012
4098;12;1012
4099;12;1008
4100;12;1012
4101;12;1005
4102;12;1011
4103;12;1012
4104;12;1007
4105;12;1012
4106;12;1008
4107;12;1008
4108;12;1008
4109;12;1009
4110;12;1008
4111;12;1012
4112;12;1005
4113;12;1004
4114;12;1012
4115;12;1012
4116;12;1011
4117;12;1012
4118;12;1010
4119;12;1012
4120;12;1012
4121;12;1011
4122;12;1012
4123;12;1005
4124;12;1009
4125;12;1012
4126;12;1012
4127;12;1012
4128;12;1010
4129;12;1012
4130;12;1006
4131;12;1003
4132;12;1012
4133;12;1010
4134;12;1012
4135;12;1012
4136;12;1012
4137;12;1008
4138;12;1010
4139;12;1009
4140;12;1012
4141;12;1011
4142;12;1009
4143;12;1012
4144;12;1009
4145;12;1008
4146;12;1011
4147;12;1012
4148;12;1010
4149;12;1012
4150;12;1009
4151;12;1012
4152;12;1006
4153;12;1012
4154;12;1012
4155;12;1012
4156;12;1009
4157;12;1011
4158;12;1004
4159;12;1011
4160;12;1012
4161;12;1012
4162;12;1012
4163;12;1009
4164;12;1012
4165;12;1009
4166;12;1012
4167;12;1011
4168;12;1011
4169;12;1012
4170;12;1012
4171;12;1011
4172;12;1007
4173;12;1011
4174;12;1012
4175;12;1012
4176;12;1012
4177;12;1009
4178;12;1009
4179;12;1008
4180;12;1004
4181;12;1012
4182;12;1012
4183;12;1012
4184;12;1012
4185;12;1011
4186;12;1012
4187;12;1012
4188;12;1010
4189;12;1012
4190;12;1012
4191;12;1008
4192;12;1012
4193;12;1012
4194;12;1009
4195;12;1011
4196;12;1012
4197;12;1003
4198;12;1012
4199;12;1011
4200;12;1009
4201;12;1012
4202;12;1012
4203;12;1011
4204;12;1006
4205;12;1012
4206;12;1012
4207;12;1007
4208;12;1003
4209;12;1011
4210;12;1012
4211;12;1012
4212;12;1012
4213;12;1007
4214;12;1012
4215;12;1012
4216;12;1011
4217;12;1012
4218;12;1012
4219;12;1012
4220;12;1005
4221;12;1012
4222;12;1012
4223;12;1012
4224;12;1005
4225;12;1012
4226;12;1008
4227;12;1012
4228;12;1009
4229;12;1012
4230;12;1012
4231;12;1012
4232;12;1012
4233;12;1012
4234;12;1012
4235;12;1010
4236;12;1012
4237;12;1012
4238;12;1012
4239;12;1010
4240;12;1007
4241;12;1012
4242;12;1012
4243;12;1009
4244;12;1008
4245;12;1012
4246;12;1012
4247;12;1012
4248;12;1012
4249;12;1011
4250;12;1012
4251;12;1009
4252;12;1005
4253;11;1013
4254;11;1013
4255;11;1009
4256;11;1013
4257;11;1012
4258;11;1013
4259;11;1013
4260;11;1013
4261;11;1008
4262;11;1008
4263;11;1013
4264;11;1013
4265;11;1010
4266;11;1013
4267;11;1013
4268;11;1013
4269;11;1013
4270;11;1008
4271;11;1009
4272;11;1013
4273;11;1013
4274;11;1012
4275;11;1013
4276;11;1013
4277;11;1013
4278;11;1013
4279;11;1013
4280;11;1011
4281;11;1013
4282;11;1011
4283;11;1013
4284;11;1012
4285;11;1013
4286;11;1008
4287;11;1013
4288;11;1008
4289;11;1010
4290;11;1013
4291;11;1013
4292;11;1013
4293;11;1013
4294;11;1013
4295;11;1013
4296;11;1013
4297;11;1011
4298;11;1013
4299;11;1010
4300;11;1013
4301;11;1013
4302;11;1013
4303;11;1013
4304;11;1013
4305;11;1013
4306;11;1013
4307;11;1013
4308;11;1013
4309;11;1012
4310;11;1009
4311;11;1010
4312;11;1013
4313;11;1013
4314;11;1013
4315;11;1013
4316;11;1013
4317;11;1013
4318;11;1013
4319;11;1012
4320;11;1013
4321;11;1009
4322;11;1013
4323;11;1012
4324;11;1013
4325;11;1013
4326;11;1013
4327;11;1010
4328;11;1013
4329;11;1013
4330;11;1013
4331;11;1013
4332;11;1013
4333;11;1008
4334;11;1011
4335;11;1013
4336;11;1013
4337;11;1013
4338;11;1013
4339;11;1013
4340;11;1011
4341;11;1013
4342;11;1013
4343;11;1008
4344;11;1008
4345;11;1011
4346;11;1012
4347;11;1013
4348;11;1013
4349;11;1010
4350;11;1009
4351;11;1013
4352;11;1013
4353;11;1010
4354;11;1013
4355;11;1013
4356;11;1013
4357;11;1010
4358;11;1013
4359;11;1013
4360;11;1013
4361;11;1012
4362;11;1013
4363;11;1013
4364;11;1013
4365;11;1013
4366;11;1013
4367;11;1013
4368;11;1009
4369;11;1013
4370;11;1010
4371;11;1012
4372;11;1011
4373;11;1013
4374;11;1013
4375;11;1013
4376;11;1011
4377;11;1013
4378;11;1013
4379;11;1012
4380;11;1012
4381;11;1013
4382;11;1012
4383;11;1011
4384;11;1012
4385;11;1010
4386;11;1011
4387;11;1013
4388;11;1013
4389;11;1013
4390;11;1013
4391;11;1013
4392;11;1013
4393;11;1008
4394;11;1013
4395;11;1013
4396;11;1013
4397;11;1013
4398;11;1010
4399;11;1013
4400;11;1013
4401;11;1008
4402;11;1012
4403;11;1013
4404;11;1012
4405;11;1013
4406;11;1013
4407;11;1013
4408;11;1013
4409;11;1009
4410;11;1013
4411;11;1013
4412;11;1013
4413;11;1008
4414;11;1013
4415;11;1012
4416;11;1013
4417;11;1013
4418;11;1013
4419;11;1013
4420;11;1010
4421;11;1008
4422;11;1006
4423;11;1013
4424;11;1013
4425;11;1009
4426;11;1013
4427;11;1013
4428;11;1010
4429;11;1013
4430;11;1013
4431;11;1013
4432;11;1013
4433;11;1013
4434;11;1013
4435;11;1009
4436;11;1013
4437;11;1010
4438;11;1013
4439;11;1013
4440;11;1013
4441;11;1013
4442;11;1013
4443;11;1010
4444;11;1007
4445;11;1007
4446;11;1013
4447;11;1013
4448;11;1013
4449;11;1009
4450;11;1009
4451;11;1013
4452;11;1013
4453;11;1013
4454;11;1013
4455;11;1013
4456;11;1013
4457;11;1010
4458;11;1009
4459;11;1013
4460;11;1013
4461;11;1013
4462;11;1011
4463;11;1009
4464;11;1006
4465;11;1013
4466;11;1013
4467;11;1013
4468;11;1013
4469;11;1013
4470;11;1011
4471;11;1012
4472;11;1013
4473;11;1013
4474;11;1013
4475;11;1013
4476;11;1010
4477;11;1010
4478;11;1008
4479;11;1013
4480;11;1013
4481;11;1013
4482;11;1013
4483;11;1013
4484;11;1007
4485;11;1013
4486;11;1013
4487;11;1012
4488;11;1013
4489;11;1013
4490;11;1010
4491;11;1013
4492;11;1008
4493;11;1012
4494;11;1010
4495;11;1013
4496;11;1013
4497;11;1013
4498;11;1013
4499;11;1013
4500;11;1013
4501;11;1008
4502;11;1013
4503;11;1013
4504;11;1013
4505;11;1013
4506;11;1010
4507;11;1013
4508;11;1012
4509;11;1013
4510;11;1013
4511;11;1013
4512;11;1013
4513;11;1010
4514;11;1013
4515;11;1013
4516;11;1013
4517;11;1013
4518;11;1013
4519;11;1008
4520;11;1009
4521;11;1013
4522;11;1013
4523;11;1013
4524;11;1013
4525;11;1013
4526;11;1013
4527;11;1009
4528;11;1013
4529;11;1013
4530;11;1012
4531;11;1008
4532;11;1008
4533;11;1006
4534;11;1005
4535;11;1011
4536;11;1013
4537;11;1012
4538;11;1013
4539;11;1013
4540;11;1013
4541;11;1011
4542;11;1010
4543;11;1007
4544;11;1013
4545;11;1013
4546;11;1013
4547;11;1009
4548;11;1013
4549;11;1013
4550;11;1010
4551;11;1011
4552;11;1008
4553;11;1013
4554;11;1013
4555;11;1013
4556;11;1008
4557;11;1004
4558;11;1008
4559;11;1007
4560;11;1008
4561;11;1008
4562;11;1006
4563;11;1013
4564;11;1013
4565;11;1013
4566;11;1013
4567;11;1010
4568;11;1013
4569;11;1012
4570;11;1012
4571;11;1013
4572;11;1013
4573;11;1013
4574;11;1013
4575;11;1009
4576;11;1009
4577;11;1013
4578;11;1013
4579;11;1010
4580;11;1013
4581;11;1008
4582;11;1009
4583;11;1013
4584;11;1009
4585;11;1013
4586;11;1013
4587;11;1011
4588;11;1010
4589;11;1009
4590;11;1013
4591;11;1013
4592;11;1009
4593;11;1011
4594;11;1013
4595;11;1013
4596;11;1013
4597;11;1013
4598;11;1013
4599;11;1013
4600;11;1013
4601;11;1012
4602;11;1013
4603;11;1010
4604;11;1013
4605;11;1013
4606;11;1013
4607;11;1010
4608;11;1008
4609;11;1005
4610;11;1010
4611;11;1013
4612;11;1008
4613;11;1013
4614;11;1013
4615;11;1013
4616;11;1010
4617;11;1012
4618;11;1008
4619;11;1011
4620;11;1013
4621;11;1013
4622;11;1008
4623;11;1006
4624;11;1013
4625;11;1013
4626;11;1013
4627;11;1013
4628;11;1013
4629;11;1011
4630;11;1007
4631;11;1013
4632;11;1013
4633;11;1013
4634;11;1013
4635;11;1012
4636;11;1013
4637;11;1013
4638;11;1013
4639;11;1013
4640;11;1007
4641;11;1008
4642;11;1013
4643;11;1013
4644;11;1011
4645;11;1013
4646;11;1009
4647;11;1011
4648;11;1013
4649;11;1013
4650;11;1009
4651;11;1012
4652;11;1013
4653;11;1013
4654;11;1013
4655;11;1007
4656;11;1013
4657;11;1012
4658;11;1011
4659;11;1013
4660;11;1011
4661;11;1013
4662;11;1013
4663;11;1008
4664;11;1013
4665;11;1013
4666;11;1009
4667;11;1005
4668;11;1010
4669;11;1013
4670;11;1013
4671;11;1013
4672;11;1013
4673;11;1009
4674;11;1008
4675;11;1013
4676;11;1013
4677;11;1013
4678;11;1011
4679;11;1013
4680;11;1011
4681;11;1005
4682;11;1013
4683;11;1013
4684;11;1013
4685;11;1012
4686;11;1013
4687;11;1013
4688;11;1013
4689;11;1013
4690;11;1013
4691;11;1013
4692;11;1007
4693;11;1013
4694;11;1013
4695;11;1013
4696;11;1011
4697;11;1013
4698;11;1008
4699;11;1007
4700;11;1011
4701;11;1012
4702;11;1013
4703;11;1011
4704;11;1010
4705;11;1013
4706;11;1013
4707;11;1013
4708;11;1012
4709;11;1012
4710;11;1013
4711;11;1012
4712;11;1009
4713;11;1013
4714;11;1013
4715;11;1013
4716;11;1013
4717;11;1013
4718;11;1013
4719;11;1013
4720;11;1010
4721;11;1013
4722;11;1013
4723;11;1013
4724;11;1012
4725;11;1013
4726;11;1013
4727;11;1012
4728;11;1008
4729;11;1006
4730;11;1013
4731;11;1013
4732;11;1013
4733;11;1009
4734;11;1013
4735;11;1013
4736;11;1012
4737;11;1013
4738;11;1011
4739;11;1013
4740;11;1013
4741;11;1006
4742;11;1009
4743;11;1012
4744;11;1013
4745;11;1013
4746;11;1007
4747;11;1013
4748;11;1012
4749;11;1013
4750;11;1013
4751;11;1013
4752;11;1008
4753;11;1013
4754;11;1013
4755;11;1012
4756;11;1007
4757;11;1012
4758;11;1011
4759;11;1013
4760;11;1013
4761;11;1006
4762;11;1010
4763;11;1013
4764;11;1013
4765;11;1009
4766;11;1013
4767;11;1013
4768;11;1013
4769;11;1013
4770;11;1011
4771;11;1008
4772;11;1013
4773;11;1008
4774;11;1003
4775;11;1005
4776;11;1012
4777;11;1013
4778;11;1013
4779;11;1013
4780;11;1008
4781;11;1013
4782;11;1013
4783;11;1010
4784;11;1013
4785;11;1012
4786;11;1013
4787;11;1013
4788;11;1009
4789;11;1013
4790;11;1013
4791;11;1010
4792;11;1013
4793;11;1010
4794;11;1010
4795;11;1013
4796;11;1010
4797;11;1012
4798;11;1009
4799;11;1004
4800;11;1013
4801;11;1013
4802;11;1013
4803;11;1013
4804;11;1011
4805;11;1010
4806;11;1013
4807;11;1011
4808;11;1011
4809;11;1012
4810;11;1009
4811;11;1011
4812;11;1008
4813;11;1010
4814;11;1013
4815;11;1013
4816;11;1013
4817;11;1006
4818;11;1013
4819;11;1013
4820;11;1011
4821;11;1008
4822;11;1013
4823;11;1013
4824;11;1013
4825;11;1013
4826;11;1013
4827;11;1013
4828;11;1012
4829;11;1010
4830;11;1006
4831;11;1009
4832;11;1013
4833;11;1013
4834;11;1009
4835;11;1013
4836;11;1008
4837;11;1009
4838;11;1005
4839;11;1008
4840;11;1013
4841;11;1009
4842;11;1008
4843;11;1012
4844;11;1013
4845;11;1012
4846;11;1007
4847;11;1009
4848;11;1008
4849;11;1009
4850;11;1005
4851;11;1007
4852;11;1012
4853;11;1013
4854;11;1013
4855;11;1013
4856;11;1010
4857;11;1013
4858;11;1009
4859;11;1013
4860;11;1009
4861;11;1009
4862;11;1013
4863;11;1013
4864;11;1013
4865;11;1013
4866;11;1012
4867;11;1006
4868;11;1013
4869;11;1012
4870;11;1011
4871;11;1012
4872;11;1007
4873;11;1013
4874;11;1009
4875;11;1008
4876;11;1010
4877;11;1013
4878;11;1013
4879;11;1010
4880;11;1007
4881;11;1013
4882;11;1013
4883;11;1010
4884;11;1006
4885;11;1011
4886;11;1011
4887;11;1013
4888;11;1008
4889;11;1012
4890;11;1009
4891;11;1013
4892;11;1013
4893;11;1013
4894;11;1013
4895;11;1005
4896;11;1010
4897;11;1013
4898;11;1013
4899;11;1013
4900;11;1012
4901;11;1013
4902;11;1011
4903;11;1013
4904;11;1013
4905;11;1009
4906;11;1008
4907;11;1009
4908;11;1006
4909;11;1013
4910;11;1013
4911;11;1013
4912;11;1011
4913;11;1006
4914;11;1013
4915;11;1010
4916;11;1006
4917;11;1009
4918;11;1011
4919;11;1007
4920;11;1004
4921;11;1013
4922;11;1013
4923;11;1012
4924;11;1013
4925;11;1010
4926;11;1012
4927;11;1012
4928;11;1013
4929;11;1012
4930;11;1012
4931;11;1009
4932;11;1013
4933;11;1013
4934;11;1013
4935;11;1012
4936;11;1013
4937;11;1011
4938;11;1011
4939;11;1013
4940;11;1008
4941;11;1008
4942;11;1013
4943;11;1013
4944;11;1013
4945;11;1013
4946;11;1013
4947;11;1012
4948;11;1013
4949;11;1013
4950;11;1013
4951;11;1013
4952;11;1013
4953;11;1013
4954;11;1013
4955;11;1012
4956;11;1013
4957;11;1013
4958;11;1013
4959;11;1009
4960;11;1008
4961;11;1004
4962;11;1013
4963;11;1013
4964;11;1013
4965;11;1013
4966;11;1011
4967;11;1013
4968;11;1011
4969;11;1013
4970;11;1013
4971;11;1013
4972;11;1009
4973;11;1013
4974;11;1013
4975;11;1013
4976;11;1009
4977;11;1005
4978;11;1011
4979;11;1013
4980;11;1013
4981;11;1010
4982;11;1008
4983;11;1009
4984;11;1013
4985;11;1013
4986;11;1013
4987;11;1013
4988;11;1013
4989;11;1013
4990;11;1011
4991;11;1009
4992;11;1009
4993;11;1007
4994;11;1004
4995;11;1006
4996;11;1013
4997;11;1013
4998;11;1013
4999;11;1009
